Source,lake,type,state_country,drainage_area_km2,surface_area_km2,mean_depth_m,Inflow_rate_Q_m3s-1,retention_time_years,TP_lake,TN_lake,N_P_assay,N_P_limitation,TP_load_kgyr-1,TN_load_kgyr-1,TP_out_kgyr-1,TN_out_kgyr-1,Rp,Rn,Notes
EPA 475,Bankhead Lake,impoundment,Alabama,10334.1,37.2,3.1,179.8,0.019,0.029,1.180,,P,651300,6597675,218870,9588085,0.66,-0.45,
EPA 475,Holt Lock and Dam,impoundment,Alabama,10960.9,13.4,7.9,191.1,0.016,0.018,1.040,,P,226370,9953970,149105,9491100,0.34,0.05,
EPA 475,Gantt Lake,impoundment,Alabama,1675.7,11.2,1.4,24.2,0.019,0.029,0.570,,P,29975,722850,32250,765985,-0.08,-0.06,
EPA 475,Guntersville Reservoir,impoundment,Alabama,63325.5,275.0,4.6,1097.7,0.036,0.044,0.710,,P,1848075,35287200,1709205,33965895,0.08,0.04,some inputs estimated
EPA 475,Lay Lake,impoundment,Alabama,23387.7,48.6,10.1,343.8,0.038,0.076,0.640,,N,860275,13931045,1051970,12157280,-0.22,0.13,
EPA 475,Mitchell Lake,impoundment,Alabama,25325.0,23.6,1.3,434.5,0.003,0.053,0.560,,N and P,1085885,13022865,1126335,12247875,-0.04,0.06,one stream input estimated
EPA 475,Martin Lake,impoundment,Alabama,7674.2,157.8,12.9,123.5,0.482,0.017,0.380,,P,213345,2732070,81110,3572695,0.62,-0.31,
EPA 475,Pickwick Lake,impoundment,Alabama,85003.7,174.6,6.5,1489.6,0.025,0.056,0.685,,N and P,2808905,60829130,2995305,55474895,-0.07,0.09,
EPA 475,Lake Purdy,impoundment,Alabama,106.4,4.3,5.1,2.3,0.299,0.049,0.730,,N and P,14490,81195,5825,69375,0.60,0.15,
EPA 475,Weiss Reservoir,impoundment,Alabama,13649.4,122.2,2.8,243.4,0.044,0.092,0.640,,N,1155275,8767795,706815,5920780,0.39,0.32,
EPA 475,Wilson Lake,impoundment,Alabama,79642.4,62.8,12.5,1433.4,0.016,0.053,0.610,,P and N,2406435,60984770,2415185,52359380,0.00,0.14,
EPA 475,Killen Pond,impoundment,Delaware,46.4,0.3,1.5,0.7,0.022,0.170,2.550,,N and P,4520,65970,2410,62450,0.47,0.05,
EPA 475,Moores Lake,impoundment,Delaware,35.2,0.1,101.0,0.8,0.005,0.245,3.500,,P,7315,99580,5825,99275,0.20,0.00,
EPA 475,Noxontown Pond,impoundment,Delaware,24.4,0.6,1.1,0.4,0.055,0.160,2.200,,P,2455,41015,1355,22735,0.45,0.45,
EPA 475,Silver Lake,impoundment,Delaware,19.5,0.2,1.5,0.3,0.022,0.227,5.350,,P,4870,75815,2520,58835,0.48,0.22,
EPA 475,Trussum Pond,impoundment,Delaware,38.6,0.2,1.2,0.5,0.016,0.038,1.800,,P,381,36660,250,27560,0.34,0.25,
EPA 475,Williams Pond,impoundment,Delaware,59.8,0.3,1.2,1.5,0.008,0.042,2.750,,N and P,2220,162210,2155,129955,0.03,0.20,
EPA 475,Alligator Lake,natural ,Florida,39.9,1.4,1.5,0.5,0.137,0.620,2.590,,N,21425,83235,11875,43140,0.45,0.48,
EPA 475,Lake Apopka,natural ,Florida,476.6,125.4,1.7,2.7,2.500,0.102,3.770,,N and P,78810,417730,35925,354670,0.54,0.15,
EPA 475,Crescent,natural ,Florida,1289.8,70.6,2.0,10.7,0.419,0.065,1.270,,N,67325,661810,33775,549230,0.50,0.17,
EPA 475,Doctor's Lake,natural ,Florida,58.0,13.0,3.0,0.7,1.700,0.084,1.445,,N or co,9915,82085,2295,70110,0.77,0.15,
EPA 475,Lake Dora,natural ,Florida,613.8,22.4,3.0,3.5,0.605,0.102,3.290,,P and N,41015,423890,12450,312365,0.70,0.26,
EPA 475,East Lake Tohopekaliga,natural ,Florida,797.7,49.3,2.7,6.2,0.677,0.042,0.930,,P and N,35730,363650,5025,228820,0.86,0.37,
EPA 475,Lake George,natural ,Florida,9738.4,186.2,3.0,110.6,0.159,0.129,1.600,,N,624870,12675785,561005,6865460,0.10,0.46,
EPA 475,Lake Gibson,natural ,Florida,11.2,1.9,2.0,0.1,1.700,0.167,1.250,,N,1665,8040,420,3970,0.75,0.51,
EPA 475,Lake Griffin,natural ,Florida,2007.2,35.6,2.9,9.6,0.340,0.119,3.450,,P and N,50315,908380,29225,913825,0.42,-0.01,
EPA 475,Lake Haines,natural ,Florida,21.2,2.9,2.5,0.1,2.900,0.063,1.090,,N,1980,45155,165,4080,0.92,0.91,inputs estimated
EPA 475,Lake Howell,natural ,Florida,71.7,1.6,2.5,1.5,0.082,1.260,1.745,,N,93610,183600,66375,97470,0.29,0.47,
EPA 475,Lake Istokpgoga,natural ,Florida,1572.1,112.1,1.8,15.0,0.425,0.039,1.060,,N or co,33615,595380,25570,567575,0.24,0.05,
EPA 475,Lake Jessie,natural ,Florida,12.6,0.8,2.0,0.1,0.452,0.051,0.890,,N,2500,7265,160,2990,0.94,0.59,asterisk on output but no explanation
EPA 475,Lake Jessup,natural ,Florida,388.5,32.0,1.1,5.0,0.225,0.492,2.755,,N,135590,427090,71750,438290,0.47,-0.03,
EPA 475,Lake Kissimmee,natural ,Florida,4149.5,141.4,1.8,33.4,0.241,0.034,1.515,,P and N,63765,1855730,36865,1478835,0.42,0.20,
EPA 475,Lawne Lake,natural ,Florida,10.7,0.6,1.1,0.2,0.099,2.560,4.770,,N and P,9460,35210,2830,16220,0.70,0.54,
EPA 475,Lake Marion,natural ,Florida,92.5,12.8,1.3,0.8,0.644,0.044,2.220,,N and P,1860,63540,1065,54375,0.43,0.14,
EPA 475,Lake Minnehaha,natural ,Florida,4.3,0.4,3.0,0.1,0.266,0.038,0.590,,N,245,4020,185,3855,0.24,0.04,
EPA 475,Lake Minneola,natural ,Florida,409.2,7.6,2.7,1.9,0.351,0.018,0.530,,co or N,2050,52345,1540,125420,0.25,-1.40,
EPA 475,Lake Monroe,natural ,Florida,6682.2,35.5,1.8,74.3,0.027,0.188,1.910,,N,525075,5723790,543740,5760010,-0.04,-0.01,
EPA 475,Lake Munson,natural ,Florida,167.1,1.0,1.5,1.8,0.030,1.175,4.010,,N,78500,213655,104735,296815,-0.33,-0.39,
EPA 475,Lake Okeechobee,natural ,Florida,13007.0,1890.7,2.8,53.2,3.400,0.063,1.745,,P or co,350515,7489295,191960,6953360,0.45,0.07,
EPA 475,Reedy Lake,natural ,Florida,157.7,14.1,3.3,1.0,1.500,0.033,1.965,,P,9240,1066300,1010,45680,0.89,0.96,
EPA 475,Lake Seminole,natural ,Florida,36.3,1.9,2.7,0.5,0.351,0.234,2.555,,N,3310,21810,2830,41635,0.15,-0.91,
EPA 475,Lake Talquin,impoundment,Florida,4335.5,43.7,2.8,47.4,0.082,0.085,0.770,,N or co,262440,2205015,139420,1735985,0.47,0.21,
EPA 475,Lake Tarpon,natural ,Florida,155.4,10.3,2.5,1.6,0.518,0.041,0.720,,N,4645,110820,1830,38520,0.61,0.65,
EPA 475,Lake Tohopekaliga,natural ,Florida,1605.8,76.2,2.4,12.3,0.471,0.246,1.730,,N,372265,1631585,63410,1269745,0.83,0.22,
EPA 475,Trout Lake,natural ,Florida,62.6,0.4,1.5,0.5,0.036,1.100,2.860,,N,17910,59790,17910,59790,0.00,0.00,
EPA 475,Lake Weohyakapka,natural ,Florida,242.2,30.5,1.6,2.2,0.721,0.047,0.760,,P and N,3560,116980,2260,100050,0.37,0.14,
EPA 475,Allatoona Reservoir,impoundment,Georgia,2845.0,48.0,9.4,50.6,0.282,0.020,0.430,,P,99410,1038045,35180,1078825,0.65,-0.04,
EPA 475,Lake Blackshear,impoundment,Georgia,9712.5,34.5,5.3,136.2,0.044,0.035,0.690,,N and P,337080,5230500,202050,2262705,0.40,0.57,
EPA 475,Blue Ridge Lake,impoundment,Georgia,600.8,13.4,18.4,16.3,0.482,0.010,0.240,,P,12200,363250,7810,181025,0.36,0.50,
EPA 475,Burton Lake,impoundment,Georgia,297.9,11.2,11.9,9.6,0.441,0.007,0.270,,P,4455,166620,2005,108855,0.55,0.35,
EPA 475,Chatuge lake,impoundment,Georgia,489.5,28.9,10.6,12.0,0.811,0.014,0.330,,P,11320,264545,8000,188910,0.29,0.29,
EPA 475,Clark Hill Reservoir,impoundment,Georgia,15893.2,283.3,10.9,264.4,0.373,0.024,0.430,,P and N,450600,5892190,171255,7196700,0.62,-0.22,
EPA 475,Lake harding,impoundment,Georgia,10982.0,23.7,9.4,185.8,0.038,0.114,0.880,,co or N,1390390,7022650,648575,6026685,0.53,0.14,
EPA 475,High Falls Pond,impoundment,Georgia,533.3,2.4,3.7,7.5,0.038,0.047,0.830,,P and N,19605,194875,14915,189415,0.24,0.03,
EPA 475,Jackson Lake,impoundment,Georgia,3627.1,19.2,6.9,49.6,0.085,0.094,0.980,,co or N,641470,2358105,237520,1586280,0.63,0.33,
EPA 475,Nottely Reservoir,impoundment,Georgia,557.0,17.4,13.1,11.4,0.633,0.015,0.325,,P,13060,297845,8000,297710,0.39,0.00,
EPA 475,Sidney Lanier Lake,impoundment,Georgia,2663.3,161.5,19.5,60.4,1.600,0.016,0.460,,co or P,158635,1724385,16880,1385530,0.89,0.20,
EPA 475,Sinclair Lake,impoundment,Georgia,7510.9,62.2,6.6,89.3,0.145,0.028,0.530,,co or P,256070,2545450,175555,2698035,0.31,-0.06,
EPA 475,Baldwin Lake ,impoundment,Illinois,12.6,8.0,3.1,0.9,7.900,0.044,0.840,,P,4625,56575,90,4075,0.98,0.93,
EPA 475,Bloomington Lake,impoundment,Illinois,180.0,2.0,5.0,1.1,0.285,0.050,6.390,,P,4270,342880,2935,376795,0.31,-0.10,
EPA 475,Carlyle Reservoir,impoundment,Illinois,7042.2,105.2,2.7,51.1,0.175,0.084,2.020,,P,316630,5072515,193595,4578925,0.39,0.10,
EPA 475,Lake Charleston,impoundment,Illinois,2035.7,1.5,0.9,14.5,0.003,0.160,5.490,,P,76145,3455125,78115,2882870,-0.03,0.17,
EPA 475,Crab Orchard lake,impoundment,Illinois,520.6,28.2,3.0,3.4,0.789,0.082,0.910,,P and N,79355,367070,16160,164625,0.80,0.55,
EPA 475,Lake Decatur,impoundment,Illinois,2429.4,11.4,1.4,17.4,0.030,0.129,5.160,,P,103845,2721960,77020,3242030,0.26,-0.19,
EPA 475,Fox Lake Chain,natural ,Illinois,3120.9,6.8,2.4,22.5,0.063,0.219,2.140,,N,164990,2137030,153275,1995175,0.07,0.07,
EPA 475,Highland Silver Lake,impoundment,Illinois,122.0,3.0,4.2,0.8,0.518,0.226,1.780,,N and P,9095,64570,7075,60485,0.22,0.06,
EPA 475,Holida Lake,impoundment,Illinois,168.1,1.2,2.7,1.0,0.104,0.167,4.760,,P and N,4875,243835,3185,212665,0.35,0.13,
EPA 475,Horseshoe Lake,natural ,Illinois,83.1,8.8,2.4,0.5,1.151,0.127,4.420,,P,4485,31165,3740,82785,0.17,-1.66,
EPA 475,Long Lake,natural ,Illinois,99.7,1.0,1.6,0.6,0.088,0.704,2.250,,N,24370,118255,9195,64845,0.62,0.45,
EPA 475,Lake Lou Yaeger,impoundment,Illinois,279.7,5.7,3.3,1.8,0.332,0.186,2.265,,P,18035,266630,16025,173835,0.11,0.35,
EPA 475,Raccoon Lake,impoundment,Illinois,125.9,3.9,1.2,0.8,0.197,0.106,1.290,,P and N,4580,76820,3270,43970,0.29,0.43,
EPA 475,Reno Lake,impoundment,Illinois,1300.2,76.5,4.7,9.2,1.200,0.071,1.200,,P,74490,755350,37545,433690,0.50,0.43,
EPA 475,Sangchris Lake,impoundment,Illinois,188.8,10.9,4.0,1.2,1.200,0.050,2.740,,P,4190,252265,2590,129190,0.38,0.49,
EPA 475,Shelbyville Reservoir,impoundment,Illinois,2729.9,44.5,5.0,19.6,0.359,0.062,4.160,,P,183520,3825455,63255,2982440,0.66,0.22,
EPA 475,Slocum Lake,natural ,Illinois,22.6,0.9,1.2,0.1,0.332,0.865,6.040,,N,9730,27635,3915,18585,0.60,0.33,
EPA 475,Lake Springfield,impoundment,Illinois,681.2,17.1,4.0,4.5,0.482,0.108,4.020,,P,29150,1094935,21720,718340,0.25,0.34,
EPA 475,Lake Storey,impoundment,Illinois,18.2,0.5,4.6,0.1,0.773,0.072,3.010,,P,1155,23075,355,16620,0.69,0.28,
EPA 475,Lake Vanalia,impoundment,Illinois,62.9,2.7,16.2,0.4,3.400,0.116,1.505,,P,2570,29495,2260,27555,0.12,0.07,
EPA 475,Lake Vermilion,impoundment,Illinois,774.4,2.8,1.4,5.1,0.025,0.109,6.120,,P,28880,1098105,19430,1020830,0.33,0.07,
EPA 475,Lake Wee-ma-tuk,impoundment,Illinois,49.5,2.4,1.8,0.3,0.452,0.069,2.635,,P,1440,58455,670,38190,0.53,0.35,
EPA 475,Wonder Lake,impoundment,Illinois,252.0,3.0,2.5,1.6,0.148,0.426,2.980,,P and N,36540,244675,15980,144795,0.56,0.41,
EPA 475,Bass Lake,natural ,Indiana,13.4,5.7,1.8,0.1,3.200,0.040,1.960,,P and N,485,18880,245,10725,0.49,0.43,
EPA 475,Cataract Lake,impoundment,Indiana,762.0,5.7,6.1,8.0,0.137,0.058,2.455,,P,32005,1036070,18190,766615,0.43,0.26,
EPA 475,Crooked Lake,natural ,Indiana,30.9,3.3,6.1,0.2,2.600,0.019,1.055,,P,770,21100,165,9755,0.79,0.54,
EPA 475,Dallas Lake,natural ,Indiana,103.1,1.1,10.8,1.0,0.405,0.029,1.485,,P and N,1740,71760,1630,48390,0.06,0.33,
EPA 475,Geist Reservoir,impoundment,Indiana,559.2,7.3,3.6,5.2,0.159,0.074,2.190,,P,20945,665580,12625,681175,0.40,-0.02,
EPA 475,Hamilton Lake,natural ,Indiana,42.8,3.3,6.3,0.4,1.800,0.033,1.280,,P and N,1030,39060,540,18455,0.48,0.53,
EPA 475,James Lake,natural ,Indiana,144.8,1.1,8.2,1.4,0.219,0.024,1.740,,P,1485,101385,1535,97490,-0.03,0.04,
EPA 475,James Lake,natural ,Indiana,123.8,4.2,7.3,1.1,0.855,0.016,0.830,,P and N,1420,56190,590,30490,0.58,0.46,
EPA 475,Long Lake,natural ,Indiana,176.1,0.4,5.1,1.7,0.036,0.204,3.260,,P and N,10930,220785,7290,199130,0.33,0.10,
EPA 475,Marsh Lake,natural ,Indiana,38.6,0.2,6.1,0.4,0.123,0.093,1.190,,N,14700,19250,1310,19705,0.91,-0.02,
EPA 475,Lake Maxinkuckee,natural ,Indiana,35.5,7.5,7.3,0.3,6.700,0.020,0.720,,P and N,1155,42262,195,8650,0.83,0.80,
EPA 475,Mississinewa Reservoir,impoundment,Indiana,2091.2,12.8,7.2,20.9,0.140,0.107,2.970,,P,162465,3267930,81570,2402895,0.50,0.26,
EPA 475,Monroe Reservoir,impoundment,Indiana,1119.7,43.5,5.3,11.0,0.663,0.025,0.680,,P,11990,391080,6695,386755,0.44,0.01,
EPA 475,Morse Reservoir,impoundment,Indiana,555.3,5.6,4.7,5.4,0.153,0.084,4.855,,P,36295,878940,17260,786085,0.52,0.11,
EPA 475,Olin Lake,natural ,Indiana,15.0,0.4,11.7,0.1,1.100,0.012,1.775,,P,340,14550,70,9000,0.79,0.38,
EPA 475,Oliver Lake ,natural ,Indiana,28.7,1.5,12.2,0.3,2.300,0.009,1.235,,P,240,23500,110,13155,0.54,0.44,
EPA 475,Pigeon Lake,natural ,Indiana,82.9,0.3,4.6,0.8,0.047,0.058,3.600,,co or P,2080,105980,1660,92695,0.20,0.13,
EPA 475,Sylvan Lake,impoundment,Indiana,87.5,2.6,4.3,0.8,0.436,0.170,2.350,,N,3225,113780,3410,67245,-0.06,0.41,
EPA 475,Lake Tippecanoe,natural ,Indiana,292.7,3.1,11.3,2.7,0.405,0.019,1.030,,P,3415,212320,2410,171350,0.29,0.19,
EPA 475,Wawasee Lake,natural ,Indiana,94.2,12.4,6.7,0.8,3.500,0.012,1.010,,P,1370,107995,550,41360,0.60,0.62,
EPA 475,Webster Lake,natural ,Indiana,126.7,2.4,2.1,1.2,0.134,0.025,1.590,,P,2475,123705,1250,94115,0.49,0.24,
EPA 475,Westler Lake,natural ,Indiana,97.9,0.4,6.1,0.9,0.074,0.035,1.700,,P and N,1580,57135,1400,66625,0.11,-0.17,
EPA 475,Whitewater lake,impoundment,Indiana,49.8,0.8,4.6,0.5,0.258,0.084,3.025,,P,2655,72145,960,54900,0.64,0.24,
EPA 475,Winona Lake,natural ,Indiana,83.1,2.3,9.1,0.8,0.874,0.035,2.020,,P and N,1805,90245,945,69525,0.48,0.23,
EPA 475,Witmer Lake,natural ,Indiana,93.5,0.8,10.4,0.9,0.315,0.035,1.810,,P and N,2270,66110,1530,53730,0.33,0.19,
EPA 475,Barren River Reservoir,impoundment,Kentucky,2434.6,40.5,5.8,33.4,0.219,0.027,0.890,,P,77090,1759705,50720,1472500,0.34,0.16,
EPA 475,Cumberland Lake,impoundment,Kentucky,14993.5,203.4,24.2,252.8,0.619,0.016,0.550,,P,397770,10044495,243735,7234410,0.39,0.28,One of 20 input streams estimated
EPA 475,Dale Hollow Reservoir,impoundment,Kentucky,2424.2,108.6,14.4,42.6,1.200,0.010,0.490,,P,38195,1306775,13085,2285010,0.66,-0.75,
EPA 475,Herrington Lake,impoundment,Kentucky,1137.0,11.9,23.9,16.8,0.537,0.079,1.060,,P and N,109935,1163720,51955,1565170,0.53,-0.34,
EPA 475,Kentucky Lake,impoundment,Kentucky,104117.9,648.7,5.2,1793.4,0.060,0.081,0.680,,P and N,4597330,73324810,5228730,71210420,-0.14,0.03,
EPA 475,Deep Creek Lake,impoundment,Maryland,167.6,15.8,8.1,3.6,1.100,0.011,0.625,,P,2835,133135,890,68105,0.69,0.49,
EPA 475,Johnson Pond,impoundment,Maryland,96.1,0.4,2.1,1.9,0.014,0.098,1.700,,P,8740,144980,7385,161405,0.16,-0.11,
EPA 475,Liberty Reservoir,impoundment,Maryland,424.8,12.6,13.0,4.9,1.132,0.018,2.200,,P,4695,425380,2215,232840,0.53,0.45,
EPA 475,Loch Raven Reservoir,impoundment,Maryland,791.6,7.7,15.2,9.0,0.400,0.023,1.800,,P,11120,625845,7775,436650,0.30,0.30,
EPA 475,Arkabutla Reservoir,impoundment,Mississippi,2590.0,48.0,9.1,46.8,0.296,0.198,1.040,,P,131695,1123100,332675,1436165,-1.53,-0.28,
EPA 475,Enid Lake,impoundment,Mississippi,1450.4,52.5,15.5,22.0,1.100,0.062,0.640,,P,208795,1257825,45100,589125,0.78,0.53,
EPA 475,Grenada Lake,impoundment,Mississippi,3418.8,98.4,16.5,52.0,1.100,0.051,0.735,,P,154190,1597730,139520,1319175,0.10,0.17,
EPA 475,Ross Barnett Reservoir,impoundment,Mississippi,7770.0,121.4,3.7,106.0,0.134,0.045,0.870,,co or P,432215,3398090,194310,2649070,0.55,0.22,
EPA 475,Sardis Lake,impoundment,Mississippi,4001.5,125.5,46.5,62.7,1.100,0.041,0.570,,co or P,140075,1785760,115755,2243215,0.17,-0.26,
EPA 475,Budd Lake,natural ,New Jersey,12.1,1.5,1.8,0.2,0.395,0.082,1.640,,P and N,445,17045,375,8200,0.16,0.52,
EPA 475,Duhernal Lake,impoundment,New Jersey,245.0,0.4,1.4,4.0,0.005,0.082,1.820,,P,22870,259705,8100,251560,0.65,0.03,
EPA 475,Farrington Lake,impoundment,New Jersey,89.1,1.2,1.8,1.0,0.068,0.055,1.440,,P,1340,68715,1370,71185,-0.02,-0.04,
EPA 475,Greewood Lake,impoundment,New Jersey,70.2,7.8,5.2,1.4,0.948,0.021,0.550,,P and N,2435,62765,1230,27000,0.49,0.57,
EPA 475,Lake Musconetcong,natural ,New Jersey,76.9,1.3,1.5,1.2,0.052,0.036,0.840,,P and N,810,37725,1030,30030,-0.27,0.20,
EPA 475,Lake Hopatcong,impoundment,New Jersey,66.3,10.9,5.5,0.8,1.707,0.022,0.555,,P and N,1290,53925,710,31370,0.45,0.42,
EPA 475,Oradell Reservoir,impoundment,New Jersey,292.7,2.6,4.1,5.2,0.063,0.055,1.630,,P,13420,379185,9075,334435,0.32,0.12,
EPA 475,Paulinskill Lake,impoundment,New Jersey,188.8,0.6,1.8,3.0,0.011,0.133,1.320,,N,11630,216815,9750,190695,0.16,0.12,
EPA 475,Pinecliff Lake,impoundment,New Jersey,18.8,0.6,1.8,0.4,0.088,0.070,0.860,,N and P,1980,13760,800,9595,0.60,0.30,
EPA 475,Pompton Lakes,impoundment,New Jersey,414.4,0.8,1.8,8.3,0.005,0.071,1.145,,P,39745,482985,16100,327150,0.59,0.32,
EPA 475,Spruce Run Reservoir,impoundment,New Jersey,107.0,5.2,7.9,1.5,0.811,0.020,0.760,,P,1456,80565,875,57815,0.40,0.28,
EPA 475,Union Lake,impoundment,New Jersey,564.6,3.6,2.7,8.7,0.033,0.063,1.700,,P,11065,685590,12430,593375,-0.12,0.13,
EPA 475,Wanaque Reservoir,impoundment,New Jersey,234.1,9.4,11.3,4.7,0.597,0.014,0.490,,P,3745,106635,3360,148785,0.10,-0.40,
EPA 475,Badin Lake,impoundment,North Carolina,10818.4,14.2,14.2,141.4,0.077,0.042,0.870,,P,402665,5247405,316515,5275525,0.21,-0.01,
EPA 475,Blewett Falls Lake,impoundment,North Carolina,17793.3,10.4,11.6,213.6,0.019,0.090,0.935,,co and P,943535,8283885,517685,7005540,0.45,0.15,1 of 8 stream inputs estimated
EPA 475,Fontana Lake,impoundment,North Carolina,4068.9,43.2,41.3,114.8,0.490,0.011,0.800,,P,124175,3778075,65830,5279760,0.47,-0.40,
EPA 475,Hickory Lake,impoundment,North Carolina,3392.9,16.6,9.5,55.9,0.090,0.047,0.500,,P,101065,1818600,71355,1155610,0.29,0.36,
EPA 475,High Rock Lake,impoundment,North Carolina,10360.0,64.3,4.9,136.6,0.074,0.090,0.880,,P,950075,5618760,437005,5529775,0.54,0.02,
EPA 475,Hiwassee Lake,impoundment,North Carolina,2507.1,25.4,21.3,53.8,0.318,0.015,0.425,,P,45370,955545,25000,1013130,0.45,-0.06,
EPA 475,Lake James,impoundment,North Carolina,986.8,26.4,13.5,19.8,0.570,0.020,0.475,,P,29605,427305,48705,375270,-0.65,0.12,
EPA 475,Lake Junaluska,impoundment,North Carolina,164.7,0.8,5.6,4.1,0.036,0.031,0.910,,P,5165,122655,5740,140225,-0.11,-0.14,
EPA 475,Lookout Shoals Lake ,impoundment,North Carolina,3755.5,4.1,9.3,56.9,0.019,0.026,0.570,,P,76655,1258820,77025,1242605,0.00,0.01,
EPA 475,Mountain Island Lake,impoundment,North Carolina,4822.6,13.1,5.4,67.2,0.033,0.018,0.480,,P and N,56395,1685175,42815,1810470,0.24,-0.07,
EPA 475,Lake Norman,impoundment,North Carolina,4636.1,131.6,10.2,72.4,0.655,0.019,0.550,,P,95990,1782660,30965,1617200,0.68,0.09,
EPA 475,Rhodhiss Lake,impoundment,North Carolina,2823.1,14.2,6.3,48.4,0.058,0.061,0.510,,co or P,202435,1402035,106660,1268705,0.47,0.10,
EPA 475,Santeetlah Lake,impoundment,North Carolina,455.8,11.6,16.8,14.5,0.441,0.011,0.330,,co or P,7865,232015,5315,184830,0.32,0.20,
EPA 475,Lake Tillery,impoundment,North Carolina,12090.1,21.3,9.7,154.8,0.041,0.040,0.810,,P,317605,4867675,264015,5244970,0.17,-0.08,
EPA 475,Waccamaw Lake,natural ,North Carolina,251.2,26.2,1.5,2.6,0.663,0.018,0.630,,P and N,2175,102945,1270,60215,0.42,0.42,
EPA 475,Waterville Lake,impoundment,North Carolina,1178.4,1.4,22.7,23.8,0.041,0.103,1.140,,P,128750,1341650,63440,921575,0.51,0.31,
EPA 475,Atwood Reservoir,impoundment,Ohio,181.0,6.2,4.7,1.9,0.488,0.031,0.905,,P,10380,135590,3625,99260,0.65,0.27,
EPA 475,Beach City Reservoir,impoundment,Ohio,777.0,1.7,1.2,7.6,0.008,0.122,2.910,,P,46155,861305,38480,758765,0.17,0.12,
EPA 475,Berlin Reservoir,impoundment,Ohio,642.3,8.9,4.9,6.4,0.230,0.042,1.470,,P,52265,531585,12595,394940,0.76,0.26,
EPA 475,Buckeye Lake ,natural ,Ohio,114.5,12.7,1.7,1.2,0.636,0.179,2.690,,co or P,6469,111755,5915,86465,0.09,0.23,
EPA 475,Charles Mill Reservoir,impoundment,Ohio,562.0,5.5,4.7,5.4,0.055,0.127,1.795,,P and N,30350,496650,25060,448155,0.17,0.10,
EPA 475,Deer Creek Reservoir,impoundment,Ohio,717.4,5.2,5.0,7.2,0.115,0.098,3.460,,P,28635,755540,22850,796410,0.20,-0.05,
EPA 475,Deleware Reservoir,impoundment,Ohio,99.7,5.3,3.3,9.8,0.063,0.086,3.000,,P,65675,1179455,38245,1054250,0.42,0.11,
EPA 475,Dillon Reservoir,impoundment,Ohio,1921.8,5.4,3.0,20.7,0.025,0.163,2.700,,P,176420,2512990,86675,1963950,0.51,0.22,
EPA 475,Lake Ghant,impoundment,Ohio,68.1,0.8,1.9,0.7,0.066,0.113,1.800,,P,6465,43215,5480,52300,0.15,-0.21,
EPA 475,Holiday Lake,impoundment,Ohio,35.7,0.9,3.9,0.4,0.282,0.125,2.335,,P and N,7650,62605,1495,28635,0.80,0.54,
EPA 475,Hoover Reservoir,impoundment,Ohio,492.1,11.4,6.5,4.9,0.490,0.040,2.300,,P,19870,374545,6985,336455,0.65,0.10,
EPA 475,Indian Lake,impoundment,Ohio,258.5,24.8,2.3,2.4,0.753,0.120,2.070,,P and N,6965,261045,9500,195610,-0.36,0.25,
EPA 475,Lake Loramie,impoundment,Ohio,201.2,3.2,1.5,1.9,0.079,0.185,3.600,,P and N,13405,251545,22195,347415,-0.66,-0.38,
EPA 475,Mosquito Creek Reservoir,impoundment,Ohio,252.5,31.6,2.7,2.4,0.964,0.058,1.140,,P,9985,192675,5425,139900,0.46,0.27,
EPA 475,O'Shaughnessy Reservoir,impoundment,Ohio,2535.6,3.4,4.8,23.1,0.025,0.208,3.900,,P and N,236940,3305280,153670,3301920,0.35,0.00,
EPA 475,Pleasant Hill reservoir,impoundment,Ohio,510.2,3.4,4.8,5.1,0.096,0.036,1.095,,P,12065,305435,9495,267180,0.21,0.13,
EPA 475,Rock Fork Reservoir,impoundment,Ohio,295.3,8.2,5.1,3.4,0.389,0.067,1.270,,P,16780,263660,4945,188435,0.71,0.29,
EPA 475,Lake Shawnee,natural ,Ohio,28.2,0.8,2.5,0.3,0.200,0.069,3.595,,P,460,38135,550,30495,-0.20,0.20,
EPA 475,Grand Lake of St. Mary's,natural ,Ohio,290.4,44.5,3.0,2.9,1.600,0.148,2.295,,N and P,21670,406455,15020,237835,0.31,0.41,
EPA 475,Tappan Reservoir,impoundment,Ohio,184.4,9.5,4.6,2.0,0.660,0.040,1.010,,P,2730,88290,5550,120520,-1.03,-0.37,
EPA 475,Allegheny Reservoir,impoundment,Pennsylvania,5646.2,48.8,14.4,105.8,0.211,0.016,0.770,,P,161665,2478220,102530,4461615,0.37,-0.80,
EPA 475,Beaver Run Reservoir,impoundment,Pennsylvania,110.6,4.6,7.3,3.5,0.301,0.009,0.965,,P,7755,162225,1325,89850,0.83,0.45,
EPA 475,Beltzville Lake,impoundment,Pennsylvania,249.7,3.8,12.8,3.8,0.378,0.010,1.020,,P,2105,152350,1490,129130,0.29,0.15,
EPA 475,Blanchard Reservoir,impoundment,Pennsylvania,878.0,7.0,1.6,12.0,0.030,0.064,1.600,,P,67635,395035,35745,794465,0.47,-1.01,
EPA 475,Lake Canadohta,natural ,Pennsylvania,20.4,0.7,8.8,0.8,0.274,0.020,0.550,,P and N,540,26795,375,33530,0.31,-0.25,
EPA 475,Conewago Lake,impoundment,Pennsylvania,45.6,1.4,2.7,0.8,0.197,0.027,0.960,,P,535,23670,465,19180,0.13,0.19,
EPA 475,Conneaut Lake,natural ,Pennsylvania,69.7,3.8,7.3,2.6,0.290,0.023,0.705,,P and N,1925,51925,1345,65515,0.30,-0.26,
EPA 475,Greenlane Reservoir,impoundment,Pennsylvania,182.2,3.3,5.0,4.9,0.137,0.066,1.730,,P,42215,550020,9225,278470,0.78,0.49,
EPA 475,Harvey's Lake,natural ,Pennsylvania,17.3,2.7,11.0,0.6,1.600,0.015,0.415,,P,715,18500,205,15960,0.71,0.14,
EPA 475,Indian Lake,impoundment,Pennsylvania,36.1,3.0,4.3,0.5,0.830,0.008,0.750,,P,330,28785,175,18920,0.47,0.34,
EPA 475,Lake Naomi,impoundment,Pennsylvania,49.5,2.0,0.9,1.0,0.058,0.014,0.415,,P,560,21665,540,17695,0.04,0.18,
EPA 475,Lake Ontelaunee,impoundment,Pennsylvania,55934.0,4.4,3.4,11.8,0.038,0.040,2.700,,P,20955,1073125,18255,1254715,0.13,-0.17,
EPA 475,Pocono Lake,impoundment,Pennsylvania,193.7,3.0,3.7,4.9,0.101,0.024,0.495,,P and N,2820,107720,2535,78400,0.10,0.27,
EPA 475,Pymatuning Reservoir,impoundment,Pennsylvania,398.9,66.5,3.7,5.3,1.400,0.070,1.290,,P and N,15515,267320,7675,203450,0.51,0.24,
EPA 475,Shenango River Reservoir,impoundment,Pennsylvania,1512.6,14.4,2.5,17.0,0.058,0.058,0.990,,P,56550,760195,42060,894835,0.26,-0.18,
EPA 475,Stillwater Lake,impoundment,Pennsylvania,35.0,1.4,1.0,0.7,0.063,0.015,0.630,,P,355,19160,355,13820,0.00,0.28,
EPA 475,Lake Wallenpaupack,impoundment,Pennsylvania,590.5,23.3,8.5,10.0,0.627,0.015,0.550,,P and N,8330,300270,6940,239080,0.17,0.20,
EPA 475,Fishing Creek Reservoir,impoundment,South Carolina,9876.9,13.6,5.4,133.1,0.016,0.143,0.845,,P and N,723310,6649175,662045,6736480,0.08,-0.01,
EPA 475,Lake Greenwood,impoundment,South Carolina,2978.4,46.1,6.8,49.5,0.203,0.061,0.750,,P,400750,2355530,90815,1448195,0.77,0.39,
EPA 475,Lake Martwell,impoundment,South Carolina,5407.9,226.4,13.9,119.8,0.833,0.013,0.400,,P,187715,2920110,33850,3787435,0.82,-0.30,1 of 15 inputs estimated
EPA 475,Lake Keowee,impoundment,South Carolina,1137.0,69.4,15.2,31.5,1.100,0.008,0.320,,P,21625,410315,16900,452275,0.22,-0.10,
EPA 475,Lake Marion,impoundment,South Carolina,38073.0,447.6,4.0,473.2,0.121,0.055,0.740,,P,1582810,13629875,682610,10498300,0.57,0.23,
EPA 475,Lake Moultrie,natural ,South Carolina,38850.0,263.1,5.7,414.0,0.115,0.026,0.625,,P,608120,9284505,392415,10270315,0.35,-0.11,
EPA 475,Lake Murray,impoundment,South Carolina,6268.0,205.6,12.7,86.7,0.953,0.024,0.540,,P,297105,2773720,83275,1927285,0.72,0.31,
EPA 475,Lake Robinson,impoundment,South Carolina,448.1,8.7,4.3,6.6,0.181,0.014,0.810,,P and N,3305,109100,3295,93330,0.00,0.14,
EPA 475,Saluda Lake,impoundment,South Carolina,753.7,2.3,4.0,14.7,0.016,0.046,0.390,,P,34275,433920,20440,243020,0.40,0.44,
EPA 475,Wateree Lake,impoundment,South Carolina,12302.5,55.5,6.9,161.5,0.074,0.094,0.790,,P and N,617520,4109960,462785,4512345,0.25,-0.10,
EPA 475,Lake Wylie,impoundment,South Carolina,7821.8,53.1,7.0,110.2,0.107,0.045,0.640,,P,444955,3660340,176385,2753045,0.60,0.25,
EPA 475,Barkley Lake,impoundment,Tennessee,45578.8,234.4,4.6,985.0,0.044,0.128,0.800,,N,4028540,29951925,4209050,32674930,-0.04,-0.09,"1 of 20 streams missing, but has second largest flow"
EPA 475,Boone Reservoir,impoundment,Tennessee,4765.6,17.8,13.3,66.5,0.115,0.052,1.205,,co or P,190960,4134320,99020,2999590,0.48,0.27,
EPA 475,South Bolston Reservoir,impoundment,Tennessee,1820.8,30.7,26.4,25.3,1.014,0.014,0.855,,P,53990,1392260,8300,894550,0.85,0.36,
EPA 475,Cheatham Reservoir,impoundment,Tennessee,36682.2,30.2,4.3,625.1,0.005,0.142,0.720,,P and N,3179325,21785060,4466890,17655215,-0.40,0.19,
EPA 475,J. Percy Priest Reservoir,impoundment,Tennessee,2310.3,57.5,8.5,40.6,0.381,0.056,0.565,,N and P,272815,1567585,244995,1485790,0.10,0.05,
EPA 475,Cherokee Lake,impoundment,Tennessee,8878.5,122.6,14.9,120.6,0.521,0.051,1.270,,co or P,469800,6826440,174735,6402390,0.63,0.06,
EPA 475,Chickamauga Reservoir,impoundment,Tennessee,53846.1,143.3,5.4,924.8,0.030,0.031,0.600,,P,1306355,46352370,1101375,26652990,0.16,0.42,2 of 17 streams estimated
EPA 475,Ft. Loudon Reservoir,impoundment,Tennessee,24734.5,59.1,7.6,362.3,0.041,0.054,0.960,,P and N,1001625,13958380,748450,17124690,0.25,-0.23,
EPA 475,Nickajack Reservoir,impoundment,Tennessee,56643.3,42.0,7.1,957.1,0.011,0.051,0.725,,co or P,1735785,23577640,1554460,23668705,0.10,0.00,
EPA 475,Watts Bar Reservoir,impoundment,Tennessee,44832.9,157.8,7.9,741.1,0.063,0.032,0.740,,P,1310230,21443655,1018950,20612910,0.22,0.04,
EPA 475,Douglas Lake,impoundment,Tennessee,11766.4,123.0,14.1,191.7,0.318,0.026,0.700,,P,682370,9126655,286690,7702060,0.58,0.16,2 of 9 streams estimated
EPA 475,Great Falls Lake,impoundment,Tennessee,4346.0,12.4,5.0,84.5,0.025,0.020,0.720,,P,140585,2474370,72460,1862355,0.48,0.25,
EPA 475,Tims Ford Reservoir,impoundment,Tennessee,1370.1,42.9,15.2,24.2,1.038,0.021,0.695,,P,54650,937175,33785,617800,0.38,0.34,
EPA 475,Woods Reservoir,impoundment,Tennessee,681.2,16.1,5.7,12.5,0.233,0.017,0.710,,P,16360,578550,12765,463930,0.22,0.20,2 of 8 streams estimated
EPA 475,Lake Chesdin,impoundment,Virginia,3457.6,13.0,7.0,34.1,0.085,0.044,0.675,,co or P,50385,619230,47240,888095,0.06,-0.43,
EPA 475,Chickahominy Lake,impoundment,Virginia,774.4,6.1,4.9,8.1,0.121,0.066,0.715,,co or N,19470,229660,15325,227575,0.21,0.01,
EPA 475,Clayton Lake,impoundment,Virginia,6138.3,18.2,29.0,97.8,0.173,0.031,0.730,,P,183060,2685455,89960,3905320,0.51,-0.45,
EPA 475,John H Kerr Reservoir,impoundment,Virginia,20150.2,198.3,10.7,197.8,0.340,0.044,0.550,,co or P,821850,8028020,152430,6721510,0.81,0.16,2 of 10 streams estimated
EPA 475,John W Flannagan Reservoir,impoundment,Virginia,572.4,4.6,18.0,8.3,0.323,0.011,0.530,,P,11450,299380,3400,311675,0.70,-0.04,
EPA 475,Occoquan Reservoir,impoundment,Virginia,1533.3,6.9,4.9,15.5,0.074,0.098,1.105,,co or P,93710,753955,36005,696985,0.62,0.08,
EPA 475,Rivanna Reservoir,impoundment,Virginia,673.4,1.8,6.1,7.8,0.044,0.079,0.775,,co,21525,262130,13945,276455,0.35,-0.05,
EPA 475,Smith Mountain Reservoir,impoundment,Virginia,2652.9,80.9,35.1,28.3,3.200,0.016,0.735,,P,162165,1520045,9995,661230,0.94,0.56,
EPA 475,Bluestone Reservoir,impoundment,West Virginia,11924.4,8.3,5.8,167.2,0.008,0.074,1.380,,P,264385,7696845,237910,7503636,0.10,0.03,
EPA 475,Lake Lynn,impoundment,West Virginia,3654.5,7.0,12.8,88.4,0.033,0.006,0.710,,P,60575,2161745,24250,2061555,0.60,0.05,
EPA 475,Summersville Reservoir,impoundment,West Virginia,2082.4,11.0,21.0,53.1,0.137,0.011,0.940,,P,31025,1393890,27975,1414220,0.10,-0.01,
EPA 475,Tygart Reservoir,impoundment,West Virginia,3537.9,7.1,17.4,73.2,0.055,0.006,0.640,,P,48095,1417655,43935,1507515,0.09,-0.06,
EPA 476,Beaver Reservoir,impoundment,Arkansas,3087.3,114.2,17.8,42.5,1.500,0.022,0.610,P,P,82010,1608505,18580,1110180,0.77,0.31,
EPA 476,Bull Shoals Reservoir,impoundment,Arkansas,15672.1,183.9,20.4,165.0,0.710,0.015,0.530,P,P,103180,6951585,64915,3777390,0.37,0.46,
EPA 476,Table Rock Reservoir,impoundment,Arkansas,10411.8,174.4,19.1,114.8,0.904,0.022,0.600,P,P,259420,4866260,66555,6008260,0.74,-0.23,
EPA 476,Lake Taneycomo,impoundment,Missouri,11297.6,12.2,5.8,123.8,0.019,0.023,0.720,P,P,74145,6244090,87280,6038630,-0.18,0.03,
EPA 476,Blackfish Lake,natural ,Arkansas,288.8,1.6,1.8,287.1,0.022,0.424,2.425,co and N,P,112135,390900,92130,303920,0.18,0.22,
EPA 476,Blue Mountain Lake,impoundment,Arkansas,1263.9,11.7,2.6,14.6,0.068,0.058,0.480,N and P,P,16850,424500,31255,343495,-0.85,0.19,
EPA 476,Lake Catherine,impoundment,Arkansas,3926.4,7.9,5.5,65.7,0.022,0.029,0.430,P,P,78835,1188780,49340,1735280,0.37,-0.46,1 of 3 streams estimated
EPA 476,Hamilton Lake,impoundment,Arkansas,3732.2,24.3,9.7,62.8,0.118,0.024,0.420,N and P,P,71705,909965,34035,1008320,0.53,-0.11,
EPA 476,Ouchita Lake,impoundment,Arkansas,2861.9,162.3,16.3,43.6,1.900,0.015,0.335,co and P,P,28070,736830,23445,565151,0.16,0.23,
EPA 476,Chicot Lake,impoundment,Arkansas,1046.4,21.5,2.7,13.6,0.134,0.162,1.200,N,P,142535,873185,115735,700900,0.19,0.20,
EPA 476,Degray Reservoir,impoundment,Arkansas,1173.3,54.2,14.9,19.7,1.307,0.019,0.420,co and P,P,11750,193390,10270,268460,0.13,-0.39,
EPA 476,Lake Erling,impoundment,Arkansas,1023.0,28.3,2.1,10.3,0.184,0.054,0.665,N,co,24245,308575,16095,233290,0.34,0.24,
EPA 476,Greer's Ferry Reservoir,impoundment,Arkansas,2986.3,163.9,21.4,49.7,2.247,0.012,0.320,N and P,P,39400,927210,20525,1227040,0.48,-0.32,
EPA 476,Millwood Reservoir,impoundment,Arkansas,10733.0,118.2,2.2,165.3,0.049,0.040,0.490,N,P,262375,3608355,279845,2406545,-0.07,0.33,
EPA 476,Nimrod Lake,impoundment,Arkansas,177.6,14.6,2.5,24.4,0.047,0.039,0.435,N and P,P,15980,541855,30565,460910,-0.91,0.15,
EPA 476,Norfold Lake,impoundment,Arkansas,4682.7,89.0,17.3,50.2,0.973,0.015,0.510,P,P,21805,1664340,27840,1442945,-0.28,0.13,
EPA 476,Lake Ahquabi,impoundment,Iowa,12.8,0.5,3.0,0.1,0.721,0.062,1.120,P,,540,11355,180,4290,0.67,0.62,
EPA 476,Big Creek Reservoir,impoundment,Iowa,203.6,3.4,6.7,1.0,0.737,0.046,7.185,P,,7800,369210,2055,201830,0.74,0.45,
EPA 476,Black Hawk Lake,natural ,Iowa,60.3,3.7,1.7,0.3,0.742,0.185,1.715,P and N ,,2035,80490,1635,23995,0.20,0.70,
EPA 476,Lake MacBride,impoundment,Iowa,69.9,3.8,7.3,0.4,2.200,0.061,2.595,,P,2585,64880,725,28590,0.72,0.56,
EPA 476,Prairie Rose Lake,impoundment,Iowa,20.4,0.9,3.3,0.1,1.200,0.056,1.260,co and P,,635,14090,170,4705,0.73,0.67,
EPA 476,Rathbun Reservoir,impoundment,Iowa,1421.9,44.5,6.7,9.1,1.000,0.071,1.765,P,,108855,899170,19290,546945,0.82,0.39,
EPA 476,Red Rock Reservoir,impoundment,Iowa,31916.6,36.2,3.0,124.1,0.027,0.180,2.860,P,,2497730,30061150,978530,22386480,0.61,0.26,
EPA 476,Rock Creek Lake,impoundment,Iowa,107.5,2.6,2.7,0.6,0.392,0.065,2.430,P,,8125,92420,1450,70375,0.82,0.24,
EPA 476,Silver Lake,natural ,Iowa,8.2,1.3,1.2,0.0,1.200,0.034,4.390,P and N ,,315,4990,200,5495,0.37,-0.10,
EPA 476,Viking Lake,impoundment,Iowa,10.3,0.6,5.8,0.1,1.600,0.017,1.070,,N,300,4395,170,2785,0.43,0.37,
EPA 476,Cedar Bluff Reservoir,impoundment,Kansas,14322.7,26.8,8.5,2.7,4.300,0.017,0.535,P and N ,,4435,157745,2090,73875,0.53,0.53,
EPA 476,Council Grove Reservor,impoundment,Kansas,647.5,13.3,3.9,3.2,0.597,0.069,1.245,P,,27470,451100,9010,165745,0.67,0.63,
EPA 476,Elk City Reservoir,impoundment,Kansas,1642.1,17.8,2.4,11.5,0.123,0.030,0.870,P,,39690,553460,21940,405870,0.45,0.27,
EPA 476,Fall River Reservoir,impoundment,Kansas,1515.1,10.5,3.0,10.3,0.110,0.053,0.650,P,,19375,502370,24695,542230,-0.27,-0.08,
EPA 476,John Redmond Reservoir,impoundment,Kansas,7808.8,38.0,2.0,40.4,0.063,0.118,1.810,P,P,349855,3922240,199875,2480455,0.43,0.37,
EPA 476,Kanopolis Reservoir,impoundment,Kansas,20349.6,14.4,4.5,9.6,0.329,0.056,1.210,P,P,95620,639195,21020,496565,0.78,0.22,
EPA 476,Marion Reservoir,impoundment,Kansas,518.0,24.9,4.1,2.3,2.400,0.010,1.180,P,P,10220,159625,2850,52510,0.72,0.67,
EPA 476,Melvern Reservoir,impoundment,Kansas,909.1,28.1,6.0,6.2,1.100,0.034,0.935,P,P,22085,504400,8465,355240,0.62,0.30,
EPA 476,Milford Reservoir,impoundment,Kansas,64465.1,65.5,7.8,27.2,0.781,0.079,1.200,P,P,428565,2359615,48260,1327935,0.89,0.44,
EPA 476,Norton Reservoir,impoundment,Kansas,1771.6,8.9,5.0,1.0,1.800,0.122,1.220,N,N,11125,73605,2750,21220,0.75,0.71,
EPA 476,Pewry Reservoir,impoundment,Kansas,2893.0,49.4,3.7,13.5,0.770,0.055,1.420,P,P,102350,776880,24850,515860,0.76,0.34,
EPA 476,Pomona Reservoir,impoundment,Kansas,834.0,16.2,6.4,5.3,0.529,0.040,1.650,P,P,15875,370035,13385,316370,0.16,0.15,
EPA 476,Toronto Reservoir,impoundment,Kansas,1934.7,11.3,2.5,14.7,0.060,0.067,0.675,P,,25605,636765,35940,661285,-0.40,-0.04,
EPA 476,Tuttle Creek Reservoir,impoundment,Kansas,24967.6,63.9,8.2,54.7,0.381,0.162,1.460,,co or N,1424305,7726510,229125,4192595,0.84,0.46,
EPA 476,Wilson Reservoir,impoundment,Kansas,4965.0,36.4,8.4,5.1,2.800,0.023,0.835,P,,17135,290048,5065,160140,0.70,0.45,
EPA 476,Anacoco Lake,impoundment,Louisiana,538.7,10.5,2.8,7.5,0.123,0.031,0.545,N,N,6440,163595,7805,250740,-0.21,-0.53,
EPA 476,Lake Histineau,impoundment,Louisiana,3752.9,69.7,2.1,41.2,0.115,0.061,0.650,N,N,116075,1090870,63385,878300,0.45,0.19,
EPA 476,Black Bayou Reservoir,impoundment,Louisiana,608.6,16.1,1.4,6.9,0.101,0.046,0.630,N,N,17215,216105,7985,170090,0.54,0.21,
EPA 476,Bundick Lake,impoundment,Louisiana,546.5,7.1,1.6,7.3,0.041,0.157,0.820,N,N,53025,251955,31130,264074,0.41,-0.05,1 of 4 streams estimated
EPA 476,Cocodrie Lake,natural ,Louisiana,621.4,24.7,0.5,9.7,0.038,0.106,0.820,N,,14685,180435,13075,186195,0.11,-0.03,
EPA 476,Cotile Reservoir,impoundment,Louisiana,104.6,7.3,4.3,1.7,0.564,0.037,0.520,N,N,3385,32525,4150,45175,-0.23,-0.39,
EPA 476,Cross Lake,impoundment,Louisiana,655.3,35.8,2.7,4.9,0.493,0.057,0.830,co and N,N,12075,165950,11965,167780,0.01,-0.01,
EPA 476,Bayou D'Araonne Lake,impoundment,Louisiana,4162.1,61.6,2.6,49.8,0.099,0.038,0.460,co and N,P,82060,1254905,48615,1361750,0.41,-0.09,
EPA 476,Indian Creek Reservoir,impoundment,Louisiana,58.3,9.1,3.4,0.8,1.208,0.031,0.600,P and co,P,555,18755,1085,18030,-0.95,0.04,
EPA 476,Turkey Creek Lake,impoundment,Louisiana,461.0,12.5,2.0,5.0,0.156,0.176,0.820,N,N,47225,247895,29890,202615,0.37,0.18,
EPA 476,Lake Vernon,impoundment,Louisiana,295.3,17.1,4.1,1.1,0.540,0.018,0.620,P,P,4170,100375,2995,73175,0.28,0.27,
EPA 476,Clearwater Lake,impoundment,Missouri,2325.8,6.6,4.1,24.1,0.036,0.017,0.300,P,P,7660,786135,20965,973230,-1.74,-0.24,
EPA 476,Pomme de Terre Reservoir,impoundment,Missouri,1592.8,31.7,9.5,11.8,0.860,0.043,0.805,P,P,20780,607035,12680,433540,0.39,0.29,
EPA 476,Stockton Reservoir,impoundment,Missouri,3004.4,100.7,7.3,22.7,1.100,0.022,0.985,P,P,49295,1791210,10740,1106085,0.78,0.38,
EPA 476,Thomas Hill Reservoir,impoundment,Missouri,388.5,17.8,4.1,2.1,1.200,0.082,1.550,P,co,8535,203680,3700,107770,0.57,0.47,
EPA 476,Lake Wappapello,impoundment,Missouri,3395.5,16.6,3.0,38.6,0.038,0.033,0.350,P,P,31960,1370080,52670,1526360,-0.65,-0.11,
EPA 476,Brached Oak Reservoir,impoundment,Nebraska,214.7,7.3,5.5,0.8,2.800,0.044,0.860,,N,5250,55755,1035,16065,0.80,0.71,
EPA 476,Harlan County Reservoir,impoundment,Nebraska,35045.7,54.5,7.8,11.4,1.400,0.112,1.090,,N or co,121125,1044895,24710,349165,0.80,0.67,
EPA 476,Harry D. Strunk Reservoir,impoundment,Nebraska,1657.6,7.5,5.8,2.1,0.767,0.064,1.030,P,,45880,262480,2725,112530,0.94,0.57,
EPA 476,Hugh Butler Reservoir,impoundment,Nebraska,828.8,6.6,5.9,1.4,1.200,0.061,0.740,,N,10595,88390,1940,48705,0.82,0.45,
EPA 476,Johnson Reservoir,impoundment,Nebraska,,11.5,6.1,33.4,0.074,0.075,0.940,P,,77460,1622910,52295,1172080,0.32,0.28,
EPA 476,C.W. McConaughy Reservoir,impoundment,Nebraska,66821.9,141.6,19.8,45.1,2.400,0.027,0.830,P,,192410,4224770,38575,1216105,0.80,0.71,
EPA 476,Pawnee Reservoir,impoundment,Nebraska,85.2,3.0,3.7,0.2,2.900,0.060,1.065,,co and N,2190,16885,555,5560,0.75,0.67,
EPA 476,Swanson Reservoir,impoundment,Nebraska,10204.6,20.1,7.3,4.2,1.400,0.067,0.620,,N,17495,276510,5930,138805,0.66,0.50,
EPA 476,Lake Ashtabula,impoundment,North Dakota,4946.9,22.0,4.0,3.7,0.833,0.260,1.674,N,N,32035,302865,25825,243675,0.19,0.20,
EPA 476,Lake Darling,impoundment,North Dakota,8417.5,40.1,3.4,3.3,1.400,0.274,1.560,N,N,19090,245400,10720,163400,0.44,0.33,
EPA 476,Jamestown Reservoir,impoundment,North Dakota,1942.5,4.9,7.5,0.7,1.600,0.144,1.425,co,N,4490,50470,4570,34875,-0.02,0.31,
EPA 476,Lake Lamoure,impoundment,North Dakota,357.4,2.0,5.0,0.2,1.900,0.438,2.090,N,N,2690,10345,1580,9040,0.41,0.13,
EPA 476,Matejcek Lake,impoundment,North Dakota,227.9,0.5,4.2,0.1,0.647,0.228,1.360,N,N,800,7450,510,7320,0.36,0.02,
EPA 476,Lake Sakakawea,impoundment,North Dakota,469825.8,1490.2,18.9,652.9,1.600,0.016,0.330,co,co,6697765,28137180,462250,10446205,0.93,0.63,
EPA 476,Sweet Briar Lake,impoundment,North Dakota,393.7,1.1,2.9,0.2,0.501,0.092,1.320,N,N,1885,23430,1030,12265,0.45,0.48,
EPA 476,Whitman Lake,impoundment,North Dakota,111.4,0.6,2.7,0.1,0.699,0.260,1.300,N,N,480,5340,520,5340,-0.08,0.00,
EPA 476,Altus Reservoir,impoundment,Oklahoma,5480.4,25.4,6.4,4.1,2.100,0.041,0.630,,N,10705,902745,3910,96825,0.63,0.89,
EPA 476,Arbuckle Lake,impoundment,Oklahoma,326.3,9.5,9.4,1.3,3.200,0.020,0.440,N,P,3810,61220,885,28905,0.77,0.53,
EPA 476,Lake Elsworth,impoundment,Oklahoma,642.3,22.6,5.1,4.3,1.400,0.037,0.620,N,P,5495,163610,4665,89635,0.15,0.45,
EPA 476,Lake Eufaula,impoundment,Oklahoma,97958.9,414.8,10.1,181.7,0.847,0.081,0.810,N,N,1726905,11218190,1084280,10392320,0.37,0.07,
EPA 476,Fort Cohr Reservoir,impoundment,Oklahoma,787.4,16.5,6.4,1.2,7.600,0.038,0.760,N,N,9370,106415,590,16100,0.94,0.85,
EPA 476,Fort Supply Reservoir,impoundment,Oklahoma,3869.5,7.6,11.9,2.3,1.600,0.070,0.690,,N,3320,52675,2670,60715,0.20,-0.15,
EPA 476,Lake Frances,impoundment,Oklahoma,1644.6,2.3,1.8,16.5,0.008,0.014,2.135,N and P,P,84780,1328000,66540,1069760,0.22,0.19,
EPA 476,Grand Lake of the Cherokees,impoundment,Oklahoma,26671.5,188.2,10.9,194.7,0.353,0.087,1.130,P,P,1297850,13583175,684480,10157185,0.47,0.25,1 of 8 streams estimated
EPA 476,Lake Hefner,impoundment,Oklahoma,25.1,19.1,9.1,1.5,2.900,0.057,0.710,N,N,4535,61470,950,54640,0.79,0.11,
EPA 476,Keystone Reservoir,impoundment,Oklahoma,162673.4,106.4,7.7,179.7,0.153,0.136,1.200,N,N,1753845,14289580,785740,8746810,0.55,0.39,
EPA 476,Oologah Reservoir,impoundment,Oklahoma,11237.7,119.2,5.7,71.7,0.299,0.059,0.940,P,P,411460,4238215,159885,3743220,0.61,0.12,
EPA 476,Tenkiller Ferry Reservoir,impoundment,Oklahoma,4169.9,51.2,15.5,41.2,0.658,0.039,0.900,P,P,109050,2596950,59305,2070280,0.46,0.20,
EPA 476,Lake Thunderbird,impoundment,Oklahoma,662.3,24.6,6.0,1.8,14.600,0.027,0.675,P and N ,P,7880,105740,440,8235,0.94,0.92,
EPA 476,Wister Reservoir ,impoundment,Oklahoma,2570.7,16.2,2.3,28.2,0.044,0.080,0.645,N and P,N and P,46725,664290,58145,791155,-0.24,-0.19,
EPA 476,Lake alvin,impoundment,South Dakota,114.0,0.4,3.7,0.1,0.890,0.067,1.960,P,N,625,5480,295,4160,0.53,0.24,
EPA 476,Angustura Reservoir,impoundment,South Dakota,23569.0,19.6,9.1,4.0,1.500,0.019,0.470,P and co,P,10280,180320,1100,181245,0.89,-0.01,
EPA 476,Deerfield Lake,impoundment,South Dakota,248.6,1.7,10.5,0.2,2.000,0.033,0.260,P and N,N,320,7755,275,5500,0.14,0.29,
EPA 476,Pactola Reservoir,impoundment,South Dakota,828.8,3.5,46.4,1.1,1.600,0.011,0.245,,P and N,4085,39545,455,22345,0.89,0.43,
EPA 476,Richmond Lake,impoundment,South Dakota,450.7,3.4,4.6,0.0,54.000,0.144,1.570,N,N,375,6075,30,410,0.92,0.93,
EPA 476,Sand lake,impoundment,South Dakota,10308.2,3.1,0.8,2.4,0.033,0.489,2.290,N,N,21915,181130,17010,142740,0.22,0.21,
EPA 476,Sheridan Lake,impoundment,South Dakota,230.5,1.6,10.2,0.1,3.600,0.053,0.565,,N,295,5320,170,3060,0.42,0.42,
EPA 476,Stockade Lake ,impoundment,South Dakota,202.0,0.5,5.8,0.1,0.751,0.233,1.270,N,N,660,5590,1075,14780,-0.63,-1.64,
EPA 476,East Vermillion Lake,impoundment,South Dakota,1036.0,2.2,3.7,0.1,2.800,0.211,1.840,N,N,660,8530,120,3655,0.82,0.57,
EPA 476,Amistad Reservoir,impoundment,Texas,318828.9,262.5,16.5,58.5,3.800,0.013,0.720,P,P,257295,4244880,14320,1193690,0.94,0.72,1 of 4 streams estimated
EPA 476,Lake Bastrop,impoundment,Texas,24.6,3.7,5.6,0.2,5.200,0.022,0.525,,N and P,985,12100,105,5795,0.89,0.52,"1 stream not included, but called a diversion"
EPA 476,Belton Reservoir,impoundment,Texas,9230.8,50.3,10.8,18.3,1.600,0.016,0.520,P,P,198660,953855,17455,480930,0.91,0.50,
EPA 476,Lake Brownwood,impoundment,Texas,3975.6,29.5,6.0,4.9,1.500,0.027,0.485,P and N ,P and N,8515,235640,2975,85915,0.65,0.64,
EPA 476,Lake Buchanan,impoundment,Texas,80937.4,93.3,13.1,27.0,1.700,0.036,0.580,P,P,91870,1596125,15995,660840,0.83,0.59,
EPA 476,Caddo Lake,impoundment,Texas,7107.0,132.1,1.8,58.9,0.115,0.051,0.700,N,N,97075,1449630,103390,1775590,-0.07,-0.22,
EPA 476,Calaveras Lake,impoundment,Texas,174.6,14.0,5.5,0.4,20.000,0.038,0.820,,N,10550,55455,175,3245,0.98,0.94,"1 stream not included, but called a diversion"
EPA 476,Canyon Reservoir,impoundment,Texas,3719.2,33.4,14.0,8.8,1.000,0.010,0.630,P,P,5120,490815,3105,174140,0.39,0.65,
EPA 476,Lake Colorado City,impoundment,Texas,834.0,6.5,6.0,0.3,3.900,0.042,0.760,N,P,1390,25985,1385,16620,0.00,0.36,
EPA 476,Lake Corpus Christi,impoundment,Texas,43149.4,88.6,4.2,25.4,0.479,0.113,0.640,N,N,212955,1648875,84990,611415,0.60,0.63,
EPA 476,Lake Diversion,impoundment,Texas,5710.9,13.8,3.7,4.3,0.427,0.025,0.525,P and N,P,4580,118465,3575,91090,0.22,0.23,1 of 2 streams estimated
EPA 476,Eagle Mountain Lake,impoundment,Texas,5102.3,36.4,6.4,8.1,0.995,0.024,0.420,,co and N,55120,444030,9390,236255,0.83,0.47,
EPA 476,Lake Fort Phantom Hill,impoundment,Texas,1238.0,10.9,5.6,1.2,2.200,0.060,0.560,N,N,4025,91650,1550,25050,0.61,0.73,"1 stream not included, but called a diversion"
EPA 476,Lake Lyndon B. Johnson,impoundment,Texas,93991.1,25.8,6.7,37.4,0.153,0.042,0.850,P,P,35985,998300,34975,1092665,0.03,-0.09,
EPA 476,Lake Kemp,impoundment,Texas,5402.7,62.2,5.3,5.4,2.800,0.023,0.510,P and N,P,12240,215935,3745,88920,0.69,0.59,
EPA 476,Lake Houston,impoundment,Texas,7324.5,49.5,8.7,44.7,0.151,0.097,0.980,co and N,co,303670,2204575,171455,1779315,0.44,0.19,1 of 8 streams estimated
EPA 476,Lake of the Pines,impoundment,Texas,2201.5,75.3,4.1,17.4,0.605,0.031,0.530,an,co,64625,723105,16810,388395,0.74,0.46,
EPA 476,Lake Lavon,impoundment,Texas,1994.3,86.4,6.5,13.5,1.400,0.063,0.410,,"co, P and N",88705,871115,20000,395285,0.77,0.55,1 of 6 streams estimated
EPA 476,Lake Lewisville,impoundment,Texas,4299.4,93.9,6.0,17.5,0.800,0.045,0.655,P and co,co,117105,1046730,36980,529400,0.68,0.49,
EPA 476,Livingston Reservoir,impoundment,Texas,42950.0,334.3,6.5,191.6,0.356,0.196,1.310,N,N,2148560,12371645,923050,7703650,0.57,0.38,
EPA 476,Medina Reservoir,impoundment,Texas,1642.1,22.6,13.9,4.5,2.700,0.010,0.780,P,P,2885,210420,1160,87290,0.60,0.59,
EPA 476,Lake Meredith,impoundment,Texas,41564.3,66.8,16.0,6.9,8.600,0.021,0.435,,co and N,427955,1629070,1880,75185,1.00,0.95,
EPA 476,Palestine Reservoir,impoundment,Texas,2201.5,103.4,4.9,12.6,1.300,0.031,0.660,co,co,69655,541560,8995,231505,0.87,0.57,
EPA 476,Possum Kingdon Reservoir,impoundment,Texas,58404.5,80.1,11.2,28.6,1.000,0.023,0.520,,N or co,216665,1632135,29835,1006145,0.86,0.38,
EPA 476,O.C. Fisher ,impoundment,Texas,3853.9,21.9,6.5,0.8,11.000,0.098,0.995,N,P,1395,69910,1160,13070,0.17,0.81,
EPA 476,San Rayburn Reservoir,impoundment,Texas,8932.9,464.5,7.7,43.4,1.400,0.029,0.600,,"co, P and N",140055,1692020,80910,1554360,0.42,0.08,
EPA 476,E.V. Spence Reservoir,impoundment,Texas,40766.6,25.6,6.7,2.1,7.100,0.036,0.630,,"co, N and P",14120,118660,720,14945,0.95,0.87,
EPA 476,Somerville Lake,impoundment,Texas,2610.7,46.4,4.3,7.8,0.600,0.053,0.720,P and N,P,25015,438140,16835,276400,0.33,0.37,
EPA 476,Lake Stamford,impoundment,Texas,932.4,19.0,3.5,4.5,2.500,0.073,0.920,,N,27425,124680,2310,34515,0.92,0.72,
EPA 476,Stillhouse Hollow Reservoir,impoundment,Texas,3413.6,26.0,11.3,8.3,1.000,0.018,0.415,P,P,9585,275185,3520,143395,0.63,0.48,
EPA 476,Lake Tawakoni,impoundment,Texas,1957.9,148.5,7.7,11.3,3.200,0.046,0.630,,N or co,134705,939115,16350,274870,0.88,0.71,
EPA 476,Lake Texoma,impoundment,Texas,87500.5,360.2,5.7,147.7,0.474,0.042,0.600,,co and N,1478415,10983115,591900,6143655,0.60,0.44,1 of 6 streams estimated
EPA 476,Lake Travis,impoundment,Texas,98756.6,76.6,18.9,48.4,1.000,0.018,0.580,P or co,P,49400,1933135,27165,1121110,0.45,0.42,
EPA 476,Twin Ruttes Reservoir,impoundment,Texas,6594.1,36.5,6.3,1.2,14.900,0.029,0.740,P and N,P,1550,111200,625,16470,0.60,0.85,
EPA 476,White River Reservoir,impoundment,Texas,2007.2,7.3,6.5,0.5,12.800,0.020,0.560,,"N, P and co",460,21035,65,3525,0.86,0.83,
EPA 476,Whitney Reservoir,impoundment,Texas,67780.2,95.4,8.1,48.8,0.800,0.028,0.620,,P and co,117880,1667460,28815,1395635,0.76,0.16,
EPA 476,Wright Patman,impoundment,Texas,8917.4,126.1,3.0,75.5,0.156,0.106,0.660,N,N,258495,2318485,294435,2247780,-0.14,0.03,
EPA 477,Lake Havasu,impoundment,Arizona,463091.8,77.3,9.2,306.0,0.088,0.015,0.540,P,P,281720,8074100,190275,7826805,0.32,0.03,
EPA 477,Luna Lake,impoundment,Arizona,93.5,0.3,2.5,0.1,0.293,0.182,0.720,N,N,570,4525,540,2320,0.05,0.49,
EPA 477,Lyman Lake,impoundment,Arizona,2046.1,5.7,6.7,0.8,2.400,0.099,0.430,N,N,9725,47925,3445,43090,0.65,0.10,
EPA 477,Lake Mohave,impoundment,Arizona,438486.6,105.6,18.9,215.0,0.200,0.017,0.600,P,P,252960,12216425,203395,8797855,0.20,0.28,
EPA 477,Rainbow Lake,natural ,Arizona,26.2,0.3,4.6,0.3,0.468,0.046,0.620,N,N,695,11370,340,6000,0.51,0.47,
EPA 477,Theodore Roosevelt Lake,impoundment,Arizona,15084.2,60.7,28.0,32.0,1.900,0.020,0.220,N,N,126490,678060,22380,401180,0.82,0.41,
EPA 477,San Carlos Reservoir,impoundment,Arizona,33374.7,52.6,15.3,12.2,2.900,0.056,0.520,N,N,491980,1076820,10165,239960,0.98,0.78,
EPA 477,Lake Amador,impoundment,California,151.3,1.6,17.4,1.2,0.715,0.040,0.680,P and N,P,3815,79980,1800,68335,0.53,0.15,
EPA 477,Boca Reservoir,impoundment,California,445.5,4.0,12.8,6.0,0.307,0.012,0.220,N and P,P,3380,78165,2675,72570,0.21,0.07,
EPA 477,Lake Britton,impoundment,California,11929.5,5.1,9.8,97.5,0.016,0.067,0.315,N,N,223315,2408455,226420,2454865,-0.01,-0.02,
EPA 477,Lake Casitas,impoundment,California,89.4,11.0,28.6,0.5,19.100,0.029,0.280,,N,420,24300,445,14865,-0.06,0.39,
EPA 477,Don Pedro Reservoir,impoundment,California,3957.9,52.5,47.7,46.9,1.700,0.013,0.250,,N and P,54935,1336350,26600,1328520,0.52,0.01,
EPA 477,Fallen Leaf Lake,natural ,California,43.3,5.7,1.5,1.5,0.175,0.007,0.220,,N and co,635,38255,510,28475,0.20,0.26,
EPA 477,Lake Hennessey,impoundment,California,134.7,3.5,10.5,1.4,1.000,0.027,0.350,N,N,5155,61695,7760,39955,-0.51,0.35,
EPA 477,Lake Henshaw,impoundment,California,533.5,24.4,6.1,1.0,5.700,0.138,0.620,N,N,2115,70365,5510,39460,-1.61,0.44,
EPA 477,Iron Gate Reservoir,impoundment,California,11838.9,3.4,21.4,74.5,0.030,0.184,1.520,N,N,372800,4085210,345290,4944425,0.07,-0.21,
EPA 477,Lopez Reservoir,impoundment,California,175.3,3.8,16.6,0.3,7.300,0.371,0.540,N,N,4275,11985,2835,7865,0.34,0.34,
EPA 477,Lake Mendocino,impoundment,California,271.9,7.9,19.1,11.0,0.460,0.020,0.320,,N,31360,393180,19285,275870,0.39,0.30,
EPA 477,Nicasio Reservoir,impoundment,California,93.2,3.4,8.1,1.4,0.701,0.055,0.690,,N and P,2055,70440,2575,68470,-0.25,0.03,
EPA 477,Lake Pillsbury,impoundment,California,748.5,8.1,14.3,16.1,0.238,0.022,0.230,N,co,26015,455680,30910,599395,-0.19,-0.32,
EPA 477,Santa Margarita Lake,impoundment,California,290.1,3.2,10.1,0.7,1.600,0.037,0.420,N,N,1540,13090,935,14135,0.39,-0.08,
EPA 477,Shasta Lake,impoundment,California,16630.4,119.4,46.5,295.4,0.595,0.021,0.240,,N,364615,11412135,316715,13283340,0.13,-0.16,
EPA 477,Shaver Lake,impoundment,California,75.4,8.4,19.9,7.6,0.690,0.014,0.250,P and N,N,880,37695,3620,66825,-3.11,-0.77,
EPA 477,Tullock Reservoir,impoundment,California,2533.3,5.1,16.5,51.6,0.052,0.025,0.280,,N and P,37420,1528945,32540,1506550,0.13,0.01,
EPA 477,Lower Twin Lake,natural ,California,101.3,1.5,15.2,1.7,0.430,0.014,0.220,,N and P,835,49200,695,51060,0.17,-0.04,
EPA 477,Upper Twin Lake,natural ,California,76.4,1.1,14.3,1.3,0.373,0.015,0.220,,N and P,895,33040,615,36200,0.31,-0.10,
EPA 477,Barker Reservoir,impoundment,Colorado,99.2,1.7,8.3,1.6,0.285,0.023,0.420,,co and N,1005,31520,860,26340,0.14,0.16,
EPA 477,Blue Mesa Reservoir,impoundment,Colorado,8873.3,36.6,31.1,47.6,0.890,0.019,0.320,,N,97560,1199830,30730,817720,0.69,0.32,
EPA 477,Cherry Creek Reservoir,impoundment,Colorado,997.1,3.2,5.2,0.2,3.600,0.054,0.770,N,N,4945,26340,745,6870,0.85,0.74,
EPA 477,Dillon Reservoir,impoundment,Colorado,867.6,12.8,24.6,9.6,1.300,0.009,0.220,,P,7770,207260,2225,174050,0.71,0.16,
EPA 477,Grand Lake,natural ,Colorado,479.1,2.1,41.3,13.5,0.252,0.013,0.220,P,,10420,402685,5980,199480,0.43,0.50,res time includes Shadow Lake and Grand Lake combined
EPA 477,Green Mountain Reservoir,impoundment,Colorado,1551.4,8.6,22.2,13.5,0.449,0.010,0.230,P,,6585,175460,6390,168530,0.03,0.04,
EPA 477,Navajo Reservoir,impoundment,Colorado,8443.4,63.3,33.3,49.5,1.400,0.036,0.365,,co and N,158090,1776990,27970,1403140,0.82,0.21,
EPA 477,American Falls Reservoir,impoundment,Idaho,35224.0,277.0,9.2,182.1,0.299,0.105,0.575,co and N,N,610015,8178700,577365,12267495,0.05,-0.50,
EPA 477,Cascade Reservoir,impoundment,Idaho,1621.3,107.2,8.1,27.3,0.921,0.032,0.320,N and co,N,40545,521675,25985,829205,0.36,-0.59,
EPA 477,Coeur D'Alene Lake,natural ,Idaho,9945.6,129.5,2.3,179.4,19.000,0.017,0.220,,"co, N and P",179815,3396730,109525,4354550,0.39,-0.28,
EPA 477,Dworshak Reservoir,impoundment,Idaho,6319.6,76.9,55.5,196.8,0.836,0.010,0.260,co,N,115315,3247950,84025,1892860,0.27,0.42,
EPA 477,Island Park Reservoir,impoundment,Idaho,1245.8,31.5,5.0,13.6,0.299,0.034,0.320,N,N,10005,143795,22550,459510,-1.25,-2.20,
EPA 477,Lake Lowell,impoundment,Idaho,,39.8,5.9,10.2,0.718,0.070,0.690,N and co,N,32100,282500,18195,304500,0.43,-0.08,
EPA 477,Magin Reservoir,impoundment,Idaho,4144.0,15.8,15.0,15.4,0.479,0.062,0.420,co and N,N,40750,408995,16845,359260,0.59,0.12,
EPA 477,Palisades Reservoir,impoundment,Idaho,13571.6,61.3,28.2,181.1,0.296,0.024,0.270,co and N,co,383245,3590730,126270,2920000,0.67,0.19,
EPA 477,Payette Lake,natural ,Idaho,373.0,21.6,5.7,1058.0,0.384,0.013,0.240,co and P,N,4095,198045,4030,118875,0.02,0.40,
EPA 477,Lower Twin Lakes,impoundment,Idaho,133.4,16.4,2.3,2.1,1.800,0.016,0.320,N and co,N and co,1910,51645,235,7610,0.88,0.85,same as upper twin
EPA 477,Upper Twin Lakes,impoundment,Idaho,133.4,16.4,2.3,2.1,1.800,0.017,0.420,N and co,N and P,1910,51645,235,7610,0.88,0.85,same as lower twin
EPA 477,Canyon Ferry Reservoir,impoundment,Montana,41191.3,142.5,17.4,155.5,0.510,0.047,0.440,N,N and co,329310,4186900,183030,3857500,0.44,0.08,
EPA 477,Clark Canyon Reservoir,impoundment,Montana,6011.4,20.0,15.8,10.2,1.000,0.049,0.550,,N,19940,404990,11775,311590,0.41,0.23,
EPA 477,Flathead Lake,natural ,Montana,18854.2,475.6,13.5,331.7,0.616,0.008,0.230,,"N, co and P",173455,6433370,114370,5510465,0.34,0.14,
EPA 477,Georgetown Lake,impoundment,Montana,137.3,11.2,3.4,1.3,0.937,0.022,0.420,N and co,,780,36095,1230,37545,-0.58,-0.04,
EPA 477,Hebgen Lake,impoundment,Montana,2408.7,51.3,8.2,28.9,0.471,0.022,0.220,N,N,24175,663000,20550,691505,0.15,-0.04,
EPA 477,Koocanusa Reservoir,impoundment,Montana,23270.1,188.2,38.4,308.6,0.742,0.045,0.300,N,N,26590,415970,228840,2725205,-7.61,-5.55,
EPA 477,Mary Ronan Lake,natural ,Montana,76.8,6.2,8.5,0.1,17.400,0.020,0.520,,N,1120,17375,490,8520,0.56,0.51,
EPA 477,Lake McDonald,natural ,Montana,443.9,32.6,45.7,15.0,3.200,0.006,0.370,P,,9500,440075,5035,364395,0.47,0.17,
EPA 477,Nelson Reservoir,impoundment,Montana,,18.5,5.7,2.3,1.800,0.029,0.555,,N and co,7635,155430,1340,81395,0.82,0.48,
EPA 477,Seeley Lake,natural ,Montana,378.4,3.5,18.3,5.9,0.348,0.015,0.225,,N and co,3380,76065,2105,115975,0.38,-0.52,
EPA 477,Swan Lake,natural ,Montana,1737.9,10.9,21.9,24.3,0.233,0.010,0.230,,N and P,16965,770190,9885,894800,0.42,-0.16,
EPA 477,Tally Lake,natural ,Montana,527.1,5.4,68.9,4.3,2.800,0.011,0.240,,N and P,2730,184610,2035,170390,0.25,0.08,
EPA 477,Tiber Reservoir,impoundment,Montana,12760.9,50.6,15.3,28.2,0.871,0.018,0.430,co,P,32125,1749110,13855,740560,0.57,0.58,
EPA 477,Tongue River Reservoir,impoundment,Montana,4584.3,14.2,6.1,14.2,0.205,0.051,0.620,,N and co,133530,660405,16490,618385,0.88,0.06,
EPA 477,Whitefish Lake,natural ,Montana,325.8,13.6,32.9,5.6,2.500,0.008,0.220,,N and P,5855,159360,2580,87710,0.56,0.45,
EPA 477,Lahontan Rservoir,impoundment,Nevada,9375.8,19.7,6.7,17.0,0.249,0.198,,N,N,187625,854410,97485,749840,0.48,0.12,
EPA 477,Lake Mead,impoundment,Nevada,434601.8,592.9,59.1,377.3,3.500,0.016,0.550,P,P,3692835,26880405,247325,11996385,0.93,0.55,
EPA 477,Rye Patch Reservoir,impoundment,Nevada,41699.0,46.1,4.6,7.2,1.200,0.095,0.620,N,N,54495,291585,27770,201970,0.49,0.31,"1 of 2 streams not included, but called a div. canal"
EPA 477,Lake Tahoe,natural ,Nevada,1307.9,501.8,307.0,17.9,477.000,0.005,0.220,N and P,N,20675,831030,3440,76385,0.83,0.91,
EPA 477,Topaz Lake,natural ,Nevada,1080.0,9.7,15.8,6.8,0.723,0.058,0.440,N,N,13180,125870,6195,195470,0.53,-0.55,
EPA 477,Upper Pahranagat,impoundment,Nevada,6845.4,1.0,0.6,0.3,0.156,0.173,0.800,N,N,1265,11295,360,5525,0.72,0.51,
EPA 477,Washoe Lake,natural ,Nevada,215.0,16.6,1.5,0.9,5.700,0.403,1.340,N,N,1735,34770,1770,8875,-0.02,0.74,
EPA 477,Wild Horse Reservoir,impoundment,Nevada,541.3,12.1,7.3,1.2,2.400,0.114,0.920,N,N,7985,133465,10415,61640,-0.30,0.54,
EPA 477,Wilson Reservoir,impoundment,Nevada,240.9,3.4,3.9,0.3,5.100,0.049,0.520,N,N,700,10520,700,15490,0.00,-0.47,
EPA 477,Alamogordo Reservoir,impoundment,New Mexico,11370.1,18.5,8.1,2.8,1.700,0.025,0.320,N and P,P,28060,117605,3580,68495,0.87,0.42,
EPA 477,Bluewater Lake,impoundment,New Mexico,520.6,7.1,6.7,0.3,5.800,0.036,0.700,N and P,N,590,14665,475,9350,0.19,0.36,
EPA 477,Conchas Reservoir,impoundment,New Mexico,19189.3,38.8,11.8,4.8,3.000,0.020,0.350,N and P,N,11450,181410,690,624795,0.94,-2.44,
EPA 477,Eagle Nest Lake,impoundment,New Mexico,432.5,9.8,9.9,0.6,5.300,0.181,0.520,N,N,2630,42275,3120,32270,-0.19,0.24,
EPA 477,Elephant utte Reservoir,impoundment,New Mexico,76275.4,148.1,18.3,38.3,2.200,0.083,0.440,N,N,2569270,7244725,83595,1141900,0.97,0.84,
EPA 477,El Vado Reservoir,impoundment,New Mexico,2012.4,13.1,18.3,8.5,0.893,0.034,0.420,co,N,34920,254990,16285,269615,0.53,-0.06,
EPA 477,Lake McMillan,impoundment,New Mexico,44004.1,23.1,2.1,7.0,0.222,0.097,0.470,co and N,N,24235,470930,16860,641260,0.30,-0.36,
EPA 477,Ute Reservoir,impoundment,New Mexico,28852.6,16.8,8.0,3.0,1.400,0.021,0.420,N and co,N,11225,61230,1095,184455,0.90,-2.01,
EPA 477,Brownlee Reservoir,impoundment,Oregon,188033.9,56.7,31.6,535.6,0.107,0.079,0.910,,co and N,1946835,632065346,1023210,18218785,0.47,0.97,
EPA 477,Hells Canyon,impoundment,Oregon,189846.9,10.1,20.4,554.0,0.011,0.068,0.830,,P and N,942285,25888790,1017465,21630255,-0.08,0.16,
EPA 477,Hills Creek Reservoir,impoundment,Oregon,1007.5,11.1,39.2,33.0,0.416,0.038,0.230,,N,40540,201365,36130,256375,0.11,-0.27,
EPA 477,Lake Owyhee,impoundment,Oregon,28904.4,56.3,24.6,27.2,1.700,0.095,0.780,N,N,99585,1099800,101020,1017855,-0.01,0.07,
EPA 477,Oxbow Reservoir,impoundment,Oregon,188810.9,5.7,11.4,532.7,0.003,0.071,0.910,,P and N,1038645,18480225,895060,25222530,0.14,-0.36,
EPA 477,Suttle Lake,natural ,Oregon,57.5,1.1,9.9,1.4,0.238,0.031,0.220,N,N,1855,19165,1355,29455,0.27,-0.54,
EPA 477,Bear Lake ,natural ,Utah,1030.8,171.6,10.2,2.5,21.900,0.011,0.220,,N and co,14740,471020,4925,124190,0.67,0.74,"one stream input not included, called pumped return flow"
EPA 477,Deer Creek Reservoir,impoundment,Utah,1450.4,9.7,19.9,10.7,0.578,0.038,0.585,P,co,23850,311355,15605,242720,0.35,0.22,2 of 5 streams estimated
EPA 477,Echo Reservoir,impoundment,Utah,1895.9,6.0,15.3,7.7,0.367,0.047,0.460,,N and co,14900,316615,10165,178965,0.32,0.43,
EPA 477,Fish Lake,natural ,Utah,57.0,10.1,25.9,0.1,58.500,0.023,0.420,,N,495,14945,210,3925,0.58,0.74,
EPA 477,Joe's Valley Reservoir,impoundment,Utah,378.1,4.7,16.3,2.8,0.866,0.012,0.420,N and P,P,3335,82995,2310,87240,0.31,-0.05,
EPA 477,Minersville Reservoir,impoundment,Utah,1320.9,4.0,5.6,1.0,0.729,0.192,1.070,N,N,5815,41990,4450,36375,0.23,0.13,
EPA 477,Moon Lake,natural ,Utah,290.1,3.1,14.1,3.8,0.384,0.008,0.320,P,,1630,145445,1610,65495,0.01,0.55,
EPA 477,Otter Creek Reservoir,impoundment,Utah,984.2,10.2,6.3,1.6,1.400,0.067,0.420,N,N,6415,91475,4305,54970,0.33,0.40,
EPA 477,Panguitch Lake,natural ,Utah,121.7,5.0,6.4,0.7,2.200,0.071,1.020,N,,1815,25855,1350,22895,0.26,0.11,
EPA 477,Pelican Lake,natural ,Utah,25.9,6.9,3.0,0.1,36.800,0.044,0.920,N and P,P,915,13820,45,700,0.95,0.95,
EPA 477,Pineview Reservoir,impoundment,Utah,802.9,10.1,13.4,6.3,0.679,0.028,0.740,P,P,7240,215165,7775,189145,-0.07,0.12,
EPA 477,Piute Reservoir,impoundment,Utah,6319.6,10.2,10.1,4.9,0.655,0.047,0.680,P and N,P,20655,273815,10855,204370,0.47,0.25,
EPA 477,Sevier Bridge Reservoir,impoundment,Utah,13260.8,44.5,6.5,5.9,1.600,0.026,1.010,P,P,33420,742145,4035,258715,0.88,0.65,
EPA 477,Starvation Reservoir,impoundment,Utah,2745.4,11.2,19.9,5.8,1.800,0.016,0.320,,N,30175,380310,2770,87865,0.91,0.77,
EPA 477,Steinaker Reservoir,impoundment,Utah,54.4,3.3,14.0,0.8,2.000,0.011,0.220,,n and P,365,18235,460,18165,-0.26,0.00,2 of 4 streams estimated
EPA 477,Tropic Reservoir,impoundment,Utah,217.6,0.7,3.0,0.5,0.153,0.021,0.420,P and N,N,295,8940,260,10810,0.12,-0.21,1 of 3 streams estimated
EPA 477,Utah Lake,natural ,Utah,6876.4,396.6,2.1,17.2,2.500,0.132,1.160,co,N,201895,2317565,139995,817185,0.31,0.65,5 of 18 streams estimated
EPA 477,Willard Reservoir,impoundment,Utah,62.2,40.5,5.9,2.6,3.300,0.044,0.620,,N,8360,211770,7380,124710,0.12,0.41,
EPA 477,Lake Chelan,natural ,Washington,2393.0,133.9,,61.9,,0.005,0.250,P,N,34695,1327255,24225,303320,0.30,0.77,
EPA 477,Keechelus Lake,impoundment,Washington,141.7,10.4,18.7,10.2,0.603,0.007,0.220,co and P,P,4525,95980,1685,40835,0.63,0.57,
EPA 477,Mayfield Lake,impoundment,Washington,3626.0,8.9,17.6,188.4,0.025,0.014,0.280,co and P,N,101080,1594930,102690,1548220,-0.02,0.03,
EPA 477,Moses Lake,impoundment,Washington,7990.1,27.6,5.9,4.6,0.792,0.115,1.040,co and N,N,31145,357915,17230,206055,0.45,0.42,
EPA 477,Sammamish Lake,natural ,Washington,253.0,19.8,17.7,6.4,1.800,0.015,0.540,P,P,6130,340175,4450,129275,0.27,0.62,
EPA 477,Lake Whatcom,natural ,Washington,145.3,20.3,1.8,4.8,0.260,0.009,0.510,P,P,2590,167385,1480,89620,0.43,0.46,
EPA 477,Big Sandy Reservoir,impoundment,Wyoming,1139.6,8.3,5.8,2.5,0.748,0.087,0.430,,N,9980,133855,8485,99505,0.15,0.26,
EPA 477,Boulder Lake,natural ,Wyoming,336.7,7.0,12.2,5.7,0.496,0.008,0.235,,N and P,4805,137120,3105,176470,0.35,-0.29,
EPA 477,Boysen Reservoir,impoundment,Wyoming,19945.6,89.8,10.4,45.7,0.740,0.037,0.340,,co and N,320020,2638495,30360,1277070,0.91,0.52,
EPA 477,Lake de Smet,impoundment,Wyoming,25.9,10.7,12.8,0.2,,0.033,0.620,,N,775,18290,1030,11835,-0.33,0.35,
EPA 477,Flaming Gorge Reservoir,impoundment,Wyoming,39109.0,137.7,33.9,66.2,2.300,0.014,0.900,co,P,186240,2826435,24365,2883495,0.87,-0.02,1 of 8 streams estimated
EPA 477,Fremont Lake,natural ,Wyoming,295.3,20.2,24.4,6.3,2.500,0.006,0.220,,P,2360,224635,1870,28185,0.21,0.87,
EPA 477,Glendo Reservoir,impoundment,Wyoming,50523.1,54.0,18.3,47.1,0.723,0.045,0.695,P,P,174955,2252665,49205,1742630,0.72,0.23,
EPA 477,Keyhole Reservoir,impoundment,Wyoming,5180.0,38.0,6.5,0.8,15.200,0.028,0.620,,N and P,17600,114395,210,16840,0.99,0.85,
EPA 477,Ocean Lake,natural ,Wyoming,,24.7,4.2,1.2,4.400,0.043,0.820,,N and P,6535,92275,710,34438,0.89,0.63,
EPA 477,Seminoe Reservoir,impoundment,Wyoming,28979.5,48.8,25.6,43.3,0.937,0.030,0.480,co,co,141700,1688450,39285,1634305,0.72,0.03,
EPA 477,Viva Naughton Reservoir,impoundment,Wyoming,624.2,5.9,8.9,3.9,0.466,0.065,0.440,,N,3950,126285,5290,19115,-0.34,0.85,
EPA 477,Woodruff Narrows Reservoir,impoundment,Wyoming,2030.6,7.1,4.9,7.1,0.159,0.069,0.620,,N,42655,523155,17420,215255,0.59,0.59,
EPA 477,Yellowtail Reservoir,impoundment,Wyoming,50937.5,51.3,26.8,106.2,0.433,0.026,0.500,P,co,1048225,5347435,66965,5064620,0.94,0.05,
EPA 474,Aspinook,impoundment,Connecticut,1851.9,1.4,2.7,35.5,0.003,0.092,,N,N,135088,1760237,125927,1610394,0.07,0.09,
EPA 474,Bantam Lake,natural ,Connecticut,86.0,3.7,4.4,1.7,0.307,0.044,,N,N,2322,45098,2431,47927,-0.05,-0.06,
EPA 474,Eagleville Lake,impoundment,Connecticut,287.5,0.3,0.9,5.3,0.002,0.094,,N and P,N,17515,250952,13819,257710,0.21,-0.03,
EPA 474,Hanover Pond,impoundment,Connecticut,246.3,0.3,1.4,4.8,0.002,0.298,,N,N,56549,353043,56440,380676,0.00,-0.08,
EPA 474,Lake Zoar,impoundment,Connecticut,3991.2,4.0,7.5,70.2,0.014,0.043,,P,P,154771,2761619,116562,2556381,0.25,0.07,
EPA 474,Lake Lillinonah,impoundment,Connecticut,3605.3,7.7,11.9,62.7,0.047,0.054,,P,P,223569,3001118,133406,2512589,0.40,0.16,
EPA 474,Lake Housatonic,impoundment,Connecticut,4076.7,1.3,2.9,71.8,0.002,0.039,,P,P,118236,2607147,99506,2459537,0.16,0.06,
EPA 474,Estes Lake,impoundment,Maine,272.0,1.6,3.0,5.0,0.030,0.094,,N,N,15111,172803,14254,193388,0.06,-0.12,
EPA 474,Long Lake,natural ,Maine,295.3,19.7,10.4,5.5,1.200,0.008,,P,P,2757,94834,1388,78757,0.50,0.17,
EPA 474,Mattawamkeag Lake,natural ,Maine,813.3,13.5,3.7,13.7,0.115,0.011,,P and N,P,7937,304413,5619,230839,0.29,0.24,
EPA 474,Moosehead Lake,natural ,Maine,3280.0,303.1,16.5,52.9,3.000,0.005,,P,P,24612,1222162,13342,916562,0.46,0.25,
EPA 474,Rangeley Lake,natural ,Maine,256.4,24.3,14.3,3.9,2.800,0.007,,P,P,2168,96653,1102,52834,0.49,0.45,
EPA 474,Sebago Lake,natural ,Maine,1142.2,116.4,30.8,20.9,5.400,0.004,,P,P,9261,547855,3959,482168,0.57,0.12,
EPA 474,Sebasticook Lake,natural ,Maine,326.3,17.4,5.8,6.0,0.548,0.050,,N,N,11810,293197,8358,82141,0.29,0.72,
EPA 474,Long (Aroostook) Lake,natural ,Maine,234.1,24.3,13.4,3.2,3.200,0.010,,P,P,2993,178744,1311,70358,0.56,0.61,
EPA 474,Bay of Naples,natural ,Maine,308.2,3.1,4.3,5.8,0.071,0.005,,P,P,1574,89995,1279,121710,0.19,-0.35,
EPA 474,Hager Pond,natural ,Massachusetts,4.4,0.1,1.5,0.1,0.066,1.525,,P,P,13098,58050,3510,26771,0.73,0.54,
EPA 474,Harris Pond,impoundment,Massachusetts,85.7,0.4,2.4,1.6,0.017,0.052,,P,N,3859,43810,2522,42376,0.35,0.03,
EPA 474,Maynard Impoundment,impoundment,Massachusetts,292.7,0.3,1.2,4.9,0.003,0.417,,N,N,32023,302512,34354,330463,-0.07,-0.09,
EPA 474,Woods Pond,impoundment,Massachusetts,445.5,0.5,1.2,8.8,0.003,0.363,,N,N,131789,680127,100571,939887,0.24,-0.38,
EPA 474,Matfield Impoundment,impoundment,Massachusetts,356.9,0.2,0.9,6.8,0.001,0.535,,N,N,125746,850472,82259,875880,0.35,-0.03,
EPA 474,Rochdale Pond,impoundment,Massachusetts,49.0,0.2,1.8,0.8,0.012,0.063,,N,N,1256,30916,1569,25374,-0.25,0.18,
EPA 474,Billerica Impoundment,impoundment,Massachusetts,714.8,0.1,2.1,15.3,0.001,0.181,,N,N,72413,963927,71107,1058984,0.02,-0.10,
EPA 474,Northboro Impoundment,impoundment,Massachusetts,91.7,0.1,1.2,1.5,0.001,0.275,,,N,24390,114309,24313,123098,0.00,-0.08,
EPA 474,Hudson Impoundment,impoundment,Massachusetts,188.3,0.1,1.2,3.1,0.001,0.476,,N,N,30172,194467,23583,218975,0.22,-0.13,
EPA 474,Lake Allegan,impoundment,Michigan,3991.2,6.4,3.4,35.7,0.019,0.135,,,N and P,201510,2588655,154177,3120462,0.23,-0.21,
EPA 474,Barton Lake,natural ,Michigan,129.2,1.4,6.1,1.2,0.222,0.061,,P,P,3011,47864,2984,70925,0.01,-0.48,
EPA 474,Belleville Lake,impoundment,Michigan,2157.5,5.1,6.1,14.4,0.068,0.122,,,N and P,80925,1120167,60807,1236322,0.25,-0.10,
EPA 474,Lake Charlevoix,natural ,Michigan,854.7,69.9,16.8,11.5,3.200,0.006,,P,P,8580,658825,3138,344363,0.63,0.48,
EPA 474,Lake Chemung,natural ,Michigan,14.0,1.3,8.5,0.1,4.200,0.032,,N,P,272,11732,100,3610,0.63,0.69,
EPA 474,Ford Lake,impoundment,Michigan,2108.3,4.3,4.4,14.1,0.041,0.111,,,N and P,68685,1117392,55683,983030,0.19,0.12,
EPA 474,Fremont Lake,natural ,Michigan,52.6,3.2,10.1,0.5,1.900,0.378,,N,N,9497,52512,5020,38154,0.47,0.27,
EPA 474,Jordan Lake,natural ,Michigan,66.8,1.7,7.3,0.5,0.833,0.171,,P,N,1991,50948,1660,40082,0.17,0.21,
EPA 474,Kent Lake,natural ,Michigan,383.3,4.1,2.0,2.8,0.090,0.043,,N and P,N,6422,90857,4925,97887,0.23,-0.08,
EPA 474,Macatawa Lake,natural ,Michigan,463.6,7.2,3.7,3.9,0.211,0.159,,P,P,45705,457746,12472,263977,0.73,0.42,
EPA 474,Muskegon Lake,natural ,Michigan,6822.1,16.8,7.0,60.7,0.063,0.065,,N,N,115152,1861682,113692,1788122,0.01,0.04,
EPA 474,Ross Reservoir,impoundment,Michigan,1261.3,1.2,1.5,10.1,0.005,0.035,,N and P,N,20249,435510,17333,401347,0.14,0.08,
EPA 474,Sanford Lake,impoundment,Michigan,2698.8,5.1,3.0,18.6,0.025,0.018,,N and P,N,19828,714939,20639,711583,-0.04,0.00,
EPA 474,Thornapple Lake,natural ,Michigan,932.4,1.7,4.3,7.4,0.030,0.045,,,N and P,15283,425152,12068,375660,0.21,0.12,
EPA 474,Union Lake,natural ,Michigan,1383.1,2.1,0.9,10.7,0.005,0.047,,,P,19687,650857,17642,643692,0.10,0.01,
EPA 474,White Lake,natural ,Michigan,1318.3,10.4,6.9,14.8,0.153,0.026,,N and P,N,20580,457728,15977,364050,0.22,0.20,
EPA 474,Mona Lake,natural ,Michigan,212.6,2.8,4.0,1.7,0.208,0.369,,N,N,27084,228739,177,6875,0.99,0.97,
EPA 474,Long Lake,natural ,Michigan,194.0,0.9,5.2,1.6,0.085,0.133,,N,N,3941,74145,3578,79370,0.09,-0.07,
EPA 474,Crystal Lake,natural ,Michigan,14.5,2.9,4.2,0.1,3.300,0.009,,P,P,204,8644,54,4907,0.74,0.43,
EPA 474,Higgins Lake,natural ,Michigan,127.4,38.9,14.9,1.2,15.600,0.006,,,N and P,1029,56744,308,26363,0.70,0.54,
EPA 474,Houghton Lake,natural ,Michigan,575.0,81.1,2.3,4.4,1.300,0.016,,N and P,P,4816,255229,2331,97433,0.52,0.62,
EPA 474,Thompson Lake,natural ,Michigan,30.8,1.1,2.7,0.2,0.416,0.041,,N and P,N,431,13596,526,9433,-0.22,0.31,
EPA 474,Strawberry Lake,natural ,Michigan,914.3,1.0,6.7,6.2,0.036,0.068,,N,N,9556,233864,7447,203932,0.22,0.13,
EPA 474,Lake Winona,natural ,Minnesota,7.5,0.8,1.3,0.0,1.500,0.107,,N,N,1283,5669,54,816,0.96,0.86,
EPA 474,Wolf Lake,natural ,Minnesota,1771.6,4.3,8.5,11.5,0.101,0.050,,N,N,27351,256635,23941,332599,0.12,-0.30,
EPA 474,Lake Pepin,impoundment,Minnesota,146593.9,101.2,5.1,659.5,0.025,0.185,,,N,3478770,47425840,3085138,50511360,0.11,-0.07,
EPA 474,Zumbro Lake,impoundment,Minnesota,2206.7,2.5,5.5,8.6,0.049,0.401,,,N and P,205673,1404002,114748,1327709,0.44,0.05,
EPA 474,Spring Lake,impoundment,Minnesota,96347.9,23.9,2.4,287.1,0.007,0.240,,N,N,2562606,30604880,2489161,34069808,0.03,-0.11,
EPA 474,Lake St. Croix,impoundment,Minnesota,19943.0,33.2,8.8,144.2,0.063,0.055,,,N and P,295347,5693044,199152,5623392,0.33,0.01,
EPA 474,Budd Lake,natural ,Minnesota,98.9,0.9,3.5,0.3,0.342,0.192,,,N,1528,36467,1392,30562,0.09,0.16,
EPA 474,Forest Lake,natural ,Minnesota,47.1,9.1,3.4,0.2,5.700,0.021,,N and P,P,1016,28227,3465,24744,-2.41,0.12,
EPA 474,Wagonga Lake,natural ,Minnesota,66.0,6.5,1.3,0.2,1.400,1.000,,,N,26145,104834,11197,34839,0.57,0.67,
EPA 474,Green Lake,natural ,Minnesota,357.4,21.9,6.4,1.2,3.700,0.015,,N and P,P,2036,85283,662,38912,0.67,0.54,
EPA 474,Nest Lake,natural ,Minnesota,318.6,3.8,4.6,1.1,0.521,0.040,,N,N,3034,62771,1329,52821,0.56,0.16,
EPA 474,Lake Darling,natural ,Minnesota,453.3,3.9,6.2,0.9,0.871,0.017,,,N and P,730,35288,526,32925,0.28,0.07,
EPA 474,Lake Le Homme Dieu,natural ,Minnesota,109.6,7.1,6.4,0.2,7.900,0.019,,N and P,P,780,21297,168,8100,0.78,0.62,
EPA 474,Lake Carlos,natural,Minnesota,606.1,10.2,13.1,1.1,3.700,0.346,,P,P,1406,67964,617,37764,0.56,0.44,
EPA 474,Lake Androsia,natural,Minnesota,1895.9,6.1,7.9,11.9,0.129,0.025,,,N and P,24549,361247,15546,319011,0.37,0.12,
EPA 474,Lake Bemidji,natural,Minnesota,1631.7,26.0,9.8,10.9,0.734,0.036,,N ,N,11474,347991,7388,260993,0.36,0.25,
EPA 474,Mud Lake ,natual,Minnesota,3.1,0.2,1.3,0.0,0.666,0.408,,N,,1125,3469,59,680,0.95,0.80,
EPA 474,Albert Lea Lake,natural,Minnesota,381.8,9.9,1.1,1.7,0.200,0.958,,,N,62590,607193,44562,384880,0.29,0.37,
EPA 474,Badger Lake,natural,Minnesota,88.6,1.4,1.2,0.2,0.296,0.022,,,N and P,907,15143,948,15098,-0.05,0.00,
EPA 474,Bartlett,natural,Minnesota,8.8,1.2,2.6,0.1,1.900,0.136,,,N and P,458,4163,195,3383,0.57,0.19,
EPA 474,Big Stone,natural,Minnesota,3004.4,51.0,3.4,3.3,1.700,0.159,,,N,15946,219447,15846,214068,0.01,0.02,
EPA 474,Blackduck Lake,natural,Minnesota,75.1,11.1,4.5,0.4,4.200,0.038,,N,N,1592,29351,717,16091,0.55,0.45,
EPA 474,Blackhoof Lake,natural,Minnesota,20.7,0.7,4.4,0.1,0.704,0.043,,N,P,902,8703,141,5075,0.84,0.42,
EPA 474,Buffalo Lake,natural,Minnesota,114.0,6.1,4.4,0.6,1.400,0.209,,N,N,5973,28939,3950,51429,0.34,-0.78,
EPA 474,Cass Lake,natural,Minnesota,2926.7,63.1,7.6,17.8,0.858,0.020,,,P and N,22227,552358,8118,450798,0.63,0.18,
EPA 474,Clearwater Lake,natural,Minnesota,450.7,12.9,5.2,1.5,1.400,0.028,,,N,8630,107161,2036,59188,0.76,0.45,
EPA 474,Cokato Lake,natural,Minnesota,116.6,2.2,7.6,0.5,1.132,0.231,,,N,5719,60236,3202,40304,0.44,0.33,
EPA 474,Elbow Lake,natural,Minnesota,16.3,0.7,3.1,0.1,0.811,1.380,,N,N,5447,20222,1828,6295,0.66,0.69,
EPA 474,Embarrass Lake,natural,Minnesota,389.5,2.1,2.6,2.8,0.060,0.025,,,N and P,3501,109487,3587,82195,-0.02,0.25,
EPA 474,Gull Lake,natural,Minnesota,766.6,38.6,9.1,3.8,2.900,0.022,,P and N,P,3669,141963,2290,87560,0.38,0.38,
EPA 474,Heron Lake,natural,Minnesota,1222.5,33.4,0.9,2.6,0.370,0.302,,,N,34617,554308,22426,341787,0.35,0.38,
EPA 474,Leech Lake,natural,Minnesota,2693.6,453.3,4.7,13.1,5.200,0.015,,P and N,P,17964,1076507,8222,525170,0.54,0.51,
EPA 474,Lily Lake,natural,Minnesota,112.9,0.6,0.9,0.3,0.055,0.607,,,N,3782,94000,5651,98943,-0.49,-0.05,
EPA 474,Madison Lake,natural,Minnesota,61.6,4.5,4.0,0.2,3.300,0.050,,N and P,N,1601,50277,385,19351,0.76,0.62,
EPA 474,Malmedal Lake,natural,Minnesota,21.5,0.8,1.8,0.0,1.300,0.125,,N and P,N,218,3850,544,3333,-1.50,0.13,
EPA 474,Mashkenode Lake,natural,Minnesota,45.6,0.4,2.1,0.2,0.110,0.075,,N,N,2200,16100,567,7066,0.74,0.56,
EPA 474,McQuade Lake,natural,Minnesota,64.2,0.7,2.7,0.4,0.156,0.040,,,N,794,24195,562,21206,0.29,0.12,
EPA 474,Lake Minnewaska,natural,Minnesota,227.9,28.8,6.0,0.4,12.700,0.035,,,N and P,4236,66345,426,14181,0.90,0.79,
EPA 474,Pelican Lake,natural,Minnesota,179.5,44.3,2.4,1.0,3.300,0.032,,,N and P,2517,86268,1347,34277,0.46,0.60,
EPA 474,St. Louis Bay,natural,Minnesota,9564.1,9.8,3.4,67.9,0.016,0.216,,N,N,318472,3497313,226553,3467383,0.29,0.01,
EPA 474,Silver Lake,natural,Minnesota,5.7,1.7,1.2,0.0,2.300,0.600,,N,N,907,6195,662,4240,0.27,0.32,
EPA 474,Six Mile Lake,natural,Minnesota,38.3,0.3,1.9,0.2,0.099,0.235,,,N,1728,13302,766,15256,0.56,-0.15,
EPA 474,Superior Bay,natural,Minnesota,10828.5,14.7,3.8,82.6,0.022,0.079,,,N and P,353052,4202286,144259,2890381,0.59,0.31,
EPA 474,Swan Lake,natural,Minnesota,293.5,10.6,12.1,1.7,2.400,0.013,,P and N,P,4975,81075,1052,33565,0.79,0.59,
EPA 474,Trout Lake,natural,Minnesota,42.0,7.7,15.2,0.2,17.400,0.050,,N,N,2503,21551,200,6168,0.92,0.71,
EPA 474,Powder Mill Pond,impoundment,New Hampshire,373.0,1.5,2.5,6.7,0.018,0.033,,N and P,N,4685,90657,4413,88417,0.06,0.02,
EPA 474,Winnipesaukkee Lake,natural,New Hampshire,940.2,180.4,13.1,18.2,4.000,0.006,,P,P,22317,487256,5179,135778,0.77,0.72,
EPA 474,Glen Lake,impoundment,New Hampshire,523.2,0.6,3.4,8.3,0.008,0.028,,P,P,8023,160694,5469,115370,0.32,0.28,
EPA 474,Kelly Falls Pond,impoundment,New Hampshire,564.6,0.5,2.3,8.9,0.004,0.024,,N and P,N,15020,152780,10122,178862,0.33,-0.17,
EPA 474,Canadiagua,natural,New York,476.6,43.0,39.0,3.6,15.000,0.009,,P,P,6041,158825,2100,79166,0.65,0.50,
EPA 474,Cannonsville Reservoir,impoundment,New York,1175.9,19.4,19.2,20.6,0.575,0.046,,,P,82780,851211,24218,650989,0.71,0.24,
EPA 474,Carry Falls Reservoir,natural,New York,2261.1,26.1,5.4,42.9,0.104,0.010,,P,P,18639,1192683,13456,1376843,0.28,-0.15,
EPA 474,Cayuga Lake,natural,New York,2033.2,172.0,54.6,26.4,11.200,0.014,,P,P,84086,1374715,40399,1069310,0.52,0.22,
EPA 474,Chautauqua,natural,New York,489.5,57.2,6.9,9.2,1.400,0.028,,N,N,15574,306222,18150,344422,-0.17,-0.12,
EPA 474,Cross Lake,natural,New York,8031.6,8.8,5.5,85.4,0.019,0.076,,N,P,295220,4429436,228376,3967274,0.23,0.10,
EPA 474,Keuka Lake,natural,New York,471.4,47.4,22.6,4.3,7.800,0.008,,,P,4939,207524,2345,104576,0.53,0.50,
EPA 474,Sacandaga Reservoir,natural,New York,2704.0,122.0,7.6,64.7,0.455,0.009,,,P,21873,1690196,16077,1741714,0.26,-0.03,
EPA 474,Saratoga Lake,natural,New York,632.0,16.3,7.9,10.0,0.411,0.025,,P and N,P,26086,358431,12168,276367,0.53,0.23,
EPA 474,Schroon,natural,New York,1118.9,16.7,14.3,18.1,0.419,0.004,,P,P,6540,614481,14644,732626,-1.24,-0.19,
EPA 474,Seneca Lake,natural,New York,1823.4,175.4,88.7,14.6,33.700,0.010,,P,P,67002,1010843,13424,520168,0.80,0.49,
EPA 474,Swinging Bridge Reservoir,impoundment,New York,382.5,3.5,13.4,5.9,0.252,0.057,,,"N, P, co",24540,349610,10181,278957,0.59,0.20,
EPA 474,Conesus,natural,New York,180.5,12.9,8.9,2.2,1.700,0.020,,,N and P,4925,133419,2109,73741,0.57,0.45,
EPA 474,Lower St. Regis ,natural,New York,54.9,1.9,5.1,1.0,0.301,0.017,,,P,762,33823,680,26558,0.11,0.21,
EPA 474,Slatersville Reservoir,impoundment,Rhode Island,232.3,0.8,2.4,4.4,0.014,0.032,,P,P,4698,90426,3914,88862,0.17,0.02,
EPA 474,Turner Reservoir,impoundment,Rhode Island,138.6,0.5,1.5,2.6,0.009,0.850,,N,N,80512,222109,53451,214889,0.34,0.03,
EPA 474,Lake Champlain,natural,Vermont,21186.2,1130.0,19.4,313.0,2.600,0.018,0.125,P,P,571666,13119455,296018,9837656,0.48,0.25,
EPA 474,Clyde Pond,impoundment,Vermont,362.6,0.6,3.4,6.0,0.010,0.021,,P,P,4712,160834,3995,174549,0.15,-0.09,
EPA 474,Harriman Reservoir,impoundment,Vermont,486.4,8.8,10.4,13.6,0.214,0.009,,P,P,7791,374816,6444,311474,0.17,0.17,
EPA 474,Lake Lamoille,impoundment,Vermont,694.1,0.6,1.7,12.4,0.003,0.018,,P,P,15605,319052,12422,302526,0.20,0.05,
EPA 474,Arrowhead Mountain Lake,impoundment,Vermont,1815.6,3.3,3.1,34.4,0.010,0.015,,P,P,37628,1093965,27433,1123737,0.27,-0.03,
EPA 474,Waterbury Reservoir,impoundment,Vermont,290.1,3.6,12.7,6.4,0.227,0.007,,P,P,4825,173134,3678,156073,0.24,0.10,
EPA 474,Altoona Lake,natural,Wisconsin,2108.3,3.4,2.1,16.1,0.014,0.092,,N,N,67655,737528,73066,839556,-0.08,-0.14,
EPA 474,Lake Butte Des Morts,natural,Wisconsin,14452.2,35.8,1.8,117.0,0.016,0.076,,N,N,344562,6495353,367923,6532490,-0.07,-0.01,
EPA 474,Butternut Lake,natural,Wisconsin,118.6,4.1,4.3,1.4,0.400,0.073,,N,N,2603,55968,2512,53478,0.03,0.04,
EPA 474,Delavan Lake,natural,Wisconsin,105.2,7.2,7.6,0.6,2.800,0.141,,N,N,8009,60159,3587,56594,0.55,0.06,
EPA 474,Eau Claire Lake,impoundment,Wisconsin,1541.1,4.5,2.3,12.3,0.027,0.089,,N,P,40884,542240,41760,511896,-0.02,0.06,
EPA 474,Green Lake,natural,Wisconsin,303.0,29.7,31.7,1.4,21.000,0.028,,N,N,7424,170712,4041,47782,0.46,0.72,
EPA 474,Kegonsa Lake,natural,Wisconsin,994.6,11.0,5.2,4.9,0.373,0.115,,N,N,20376,307034,19710,211166,0.03,0.31,
EPA 474,Koshkonong Lake,impoundment,Wisconsin,6475.0,42.4,1.6,33.8,0.066,0.361,,N,N,418485,3055815,330517,2796993,0.21,0.08,
EPA 474,Nagawicka Lake,natural,Wisconsin,115.5,4.2,9.9,0.9,1.500,0.124,,N,N,5515,100113,2381,42581,0.57,0.57,
EPA 474,Lake Poygan,natural,Wisconsin,10101.0,44.5,2.1,84.2,0.036,0.074,,N,N,246880,4191049,239152,4203310,0.03,0.00,
EPA 474,Shawano Lake,natural,Wisconsin,194.0,24.9,3.2,1.7,1.500,0.020,,P,P,1810,79728,1388,58912,0.23,0.26,
EPA 474,Sinissippi Lake,impoundment,Wisconsin,986.8,9.3,1.4,4.6,0.090,0.404,,,N,59134,577515,58449,578966,0.01,0.00,
EPA 474,Swan Lake,natural,Wisconsin,175.1,1.6,9.7,1.0,0.488,0.141,,N,N,4567,64853,5397,57478,-0.18,0.11,
EPA 474,Tainter Lake,natural,Wisconsin,4351.2,6.9,4.1,32.0,0.027,0.111,,N and P,N,139002,1583149,121655,1573650,0.12,0.01,
EPA 474,Townline Lake,natural,Wisconsin,12.2,0.6,3.8,0.1,0.693,0.078,,N,N,848,5714,404,5188,0.52,0.09,
EPA 474,Wapogasset Lake,natural,Wisconsin,256.7,4.8,5.3,1.5,0.532,0.043,,N and co,N,3415,53193,1941,52993,0.43,0.00,
EPA 474,Wausau Lake,impoundment,Wisconsin,10360.0,7.8,2.2,100.4,0.005,0.059,,N and P,N,220458,3566619,360168,4499877,-0.63,-0.26,
EPA 474,Lake Winnebago,natural,Wisconsin,15617.7,557.3,4.0,122.3,0.575,0.116,,N,N,521524,8370405,543497,6918975,-0.04,0.17,
EPA 474,Wisconsin Lake,impoundment,Wisconsin,23180.5,36.0,1.8,207.1,0.011,0.058,,N and P,N,547868,9063361,519732,9650344,0.05,-0.06,
EPA 474,Lake Wissota,impoundment,Wisconsin,14374.5,22.0,8.8,133.1,0.047,0.043,,N,N,194771,5605733,164925,4106444,0.15,0.27,
EPA 474,Tichigan Lake,natural,Wisconsin,922.0,4.6,1.9,5.4,0.052,0.269,,N,N,94036,418290,54735,379075,0.42,0.09,
EPA 474,Rock Lake,natural,Wisconsin,36.5,4.7,5.6,0.2,3.600,0.013,,N,N,222,12204,163,8376,0.27,0.31,
EPA 474,Big Eau Pleine Reservoir,impoundment,Wisconsin,945.4,27.6,4.8,9.7,0.433,0.071,,N,P,41116,605365,31329,659968,0.24,-0.09,
EPA 474,Rome Pond,natural,Wisconsin,310.8,1.8,0.6,2.2,0.016,0.102,,,N,6068,141914,7247,133646,-0.19,0.06,
EPA 474,Grand Lake,natural,Wisconsin,253.3,1.0,1.2,1.2,0.030,0.190,,P,P,8118,167143,6839,168435,0.16,-0.01,
EPA 474,Willow Reservoir,impoundment,Wisconsin,846.9,20.8,4.6,9.2,0.326,0.029,,N,N,9669,210082,8717,233565,0.10,-0.11,
