Name,Latitude,Longitude,Location,Year of data collection,Year_dammed,Reservoir_age_yr,Surface_area(km2),mean_depth(m),vol(km3),residence_time(yr),cal_discharge_km3/yr,reported_discharge,Purpose,TP_Conc_in_(uM),TP_Conc_out_(uM),TPin(mol/yr),TPout(mol/yr),TN_in_(uM),TN_out_(uM),TNin(mol/yr),TNout(mol/yr),TP_Retention,TN_Retention,Catchment dominant lithology (Hartmann and Moosdorf 2012),Outflow_type,2nd_P_species,2nd_p_conc_in_ (uM),2nd_P_conc_out(uM),2nd_P_influx(mol/yr),2nd_P_efflux(mol/yr),2nd_P_retention,Additional notes,References,Oliver Notes
Driss_I,35.00,-5,Morocco,1991-1992,1973,18.5,57.00,6.1,0.35,2.095,0.17,,pump,17.72,0.99,2.95E+06,1.64E+05,5.66E+01,5.49E+01,9.43E+06,9.14E+06,0.94,0.03,Siliclastic_sed,Bottom,,,,,,,Hejzlar database,Alaoui-Mhamdi et al. 1996,No N data
Al_Massira,32.47,-7.63,Morocco,1991,1979,12,129.62,18.7,2.42,1.511,1.60,,pump,11.55,1.04,1.85E+07,1.67E+06,,,,,0.90,,Carbonate,Bottom,,,,,,,Hejzlar database,Alaoui-Mhamdi&Aleya 1995,No N data
Lipno,48.67,14.16666667,Czech_Republic,1967-68,1960,7.5,42.66,5.6,0.24,0.357,0.67,,flow,1.41,0.75,9.51E+05,5.03E+05,,,,,0.44,,Metamorphic,Bottom,,,,,,,Hejzlar database,Brandl 1973,Can't find pub
Bort-les-orgue,45.40,2.5,France,1996-1997,,44,8.58,33,0.28,0.250,1.13,,flow,3.39,1.63,3.91E+06,1.87E+06,,,,,0.52,,Metamorphic or Basic_volcanic,,TDP,0.051,0.029,5.80E+04,3.30E+04,0.43,,Brigault and Ruban 1999; Ruban and Demare 1998,No nitrogen data
Wivenhoe,-27.40,152.6,Australia,2002-2008,,21,109.00,10.8,1.18,20.000,0.06,,pump,33.54,13.75,1.97E+06,8.09E+05,7.26E+02,7.37E+02,4.27E+07,4.34E+07,0.59,-0.02,Metamorphic,,,,,,,,,Burford et al 2012,changed P inputs/outputs according to Table 1 in Burford
Lobo-Broa,-22.25,-47.81666667,Brazil,1996,1971,25,6.80,3.2,0.02,0.055,0.40,,flow,1.38,1.20,5.54E+05,4.82E+05,,,,,0.13,,Siliclastic_sed,,,,,,,,Hejzlar database,Chalar&Tundisi 2001,no N data
LakeAlexandrina,-35.50,139.12,Australia,,,47.5,580.60,2.86,1.66,0.300,5.54,,pump,5.14,2.31,2.84E+07,1.28E+07,,,4.26E+08,3.99E+08,0.55,0.07,"Mixed_seds,Carbonate,Unconsol_seds",,TDP,0.042,0.010,2.34E+05,5.57E+04,0.76,,Cook et al 2010,"data means from Table 1. Retention of TN doesn't match Nox + TKN, but used retention value for TN given in table"
Kanopolis,38.62,-97.97,Kansas (USA),,,43,13.80,4.6,0.06,0.250,0.25,,pump,7.76,2.72,1.97E+06,6.92E+05,,,,,0.67,0.14,Unconsol_seds,,,,,,,,88% of Q accounted for,Cunha et al 2014,N is nitrate
Tuttle_Creek_2,39.33,-96.602,Kansas (USA),,,29,50.60,7.6,0.38,0.420,0.92,,flow,26.04,6.91,2.38E+07,6.33E+06,,,,,0.73,0.11,"Unconsol_seds,Mixed_seds",,,,,,,,30% of Q accounted for,Cunha et al 2014,N is nitrate
Waconda,39.50,-98.37,Kansas (USA),,,28,50.90,7.3,0.37,1.500,0.25,,pump,10.89,6.06,2.70E+06,1.50E+06,,,,,0.42,0.48,Mixed_seds,,,,,,,,36% of Q accounted for,Cunha et al 2014,N is nitrate
Wilson_Kansas,38.93,-98.55,Kansas (USA),,,27,36.50,7.3,0.27,2.330,0.11,,flow,4.00,2.01,4.58E+05,2.30E+05,,,,,0.50,0.39,"Unconsol_seds,Mixed_seds",,,,,,,,all Q accounted for,Cunha et al 2014,N is nitrate
John_Redmond_2,38.57,-95.77,Kansas (USA),,,27,32.70,1.8,0.06,0.083,0.71,,pump,13.74,4.58,9.74E+06,3.25E+06,,,,,0.53,0.56,Siliclastic_sed or Carbonate,,,,,,,,19% of Q accounted for,Cunha et al 2014; Walker 1985 (Hejzlar),"N is nitrate; used TN data from Cunha, where TP retention is reported as .67 (Table 3)"
Milford_2,39.10,-96.891,Kansas (USA),,,29,63.60,7.6,0.48,1.000,0.48,,pump,13.70,4.82,6.62E+06,2.33E+06,,,,,0.80,0.33,Mixed_seds,,,,,,,,all Q accounted for,Cunha et al 2014; Walker 1985 (Hejzlar),"N is nitrate; Used TN data from Cunha, where TP retention is reported as .63 (Table 3)"
Lake_Diefenbaker,51.00,-106.65,Saskatchewan (Canada),2008-2011,1967,42,394.00,22,9.03,1.100,8.21,,pump,NA,NA,1.08E+08,6.50E+06,,,,,0.94,,Siliclastic_sed,Mixed,TDP,,,4.33E+06,2.42E+06,0.44,SRP also available in reference.,"Donald et al., 2015","additional lakes included, see Donald spreadsheet"
Ceske_udoli_bottom_outlets,49.72,13.35,Czech_Republic,1997,,24,1.04,2.55,0.00,0.038,0.07,,flow,11.56,6.91,8.62E+08,5.00E+08,,,,,0.42,,,Surface,DP,5.460,1.580,3.81E+05,1.10E+05,0.71,annual redox oscillations due to draining/filling regime,Duras and Hejzlar 2001,Total N budgets not included
Ceske_udoli_surface_outlets,49.72,13.35,Czech_Republic,1998,,25,1.04,2.55,0.00,0.063,0.04,,flow,14.72,11.36,5.42E+08,4.52E+08,,,,,0.17,,,Bottom,DP,8.850,7.100,3.72E+05,2.99E+05,0.20,annual redox oscillations due to draining/filling regime,Duras and Hejzlar 2001,Total N budgets not included
Sulejow,51.45,19.95,Poland,1985-88,1973,13.5,18.48,3.4,0.06,0.084,0.75,,pump,12.25,8.10,9.19E+06,6.07E+06,,,,,0.34,,Unconsol_seds,,,,,,,,Hejzlar database,Galicka 1992,can't find pub
Amance,48.20,4.47,France,,,4,0.50,4.5,0.00,0.030,0.08,,flow,17.51,11.48,1.31E+06,8.61E+05,,,5.48E+07,4.20E+07,0.34,0.23,Carbonate,,TDP,0.057,0.029,4.25E+03,2.15E+03,0.49,,Garnier et al 1999,"Summed NO3 and NH4 from Table 4. Averaged across years. TP doesn't match Table 4, not sure what data was extracted for P."
Aube,48.20,4.47,France,1994-95,,4,21.00,8.9,0.19,0.400,0.47,,flow,1.88,0.83,5.81E+05,3.55E+05,,,5.48E+07,2.58E+07,0.39,0.53,Carbonate,,TDP,0.009,0.003,4.25E+03,1.55E+03,0.64,,Garnier et al 1999,"Summed NO3 and NH4 from Table 4. Averaged across years. TP doesn't match Table 4, not sure what data was extracted for P."
Champaubert,48.30,4.73,France,,,20,0.50,3.5,0.00,0.110,0.02,,flow,16.23,10.15,2.58E+05,1.61E+05,,,1.53E+08,1.37E+08,0.38,0.10,Carbonate,,TDP,1.094,0.758,1.74E+04,1.21E+04,0.31,,Garnier et al 1999,"Summed NO3 and NH4 from Table 4. Averaged across years. TP doesn't match Table 4, not sure what data was extracted for P."
Marne,48.30,4.72,France,1993-95,,20,48.00,7.2,0.35,0.460,0.75,,flow,2.91,0.95,1.31E+06,4.20E+05,,,1.53E+08,7.56E+07,0.68,0.50,Carbonate,,TDP,0.023,0.005,1.74E+04,3.53E+03,0.80,,Garnier et al 1999,"Summed NO3 and NH4 from Table 4. Averaged across years. TP doesn't match Table 4, not sure what data was extracted for P."
Seine,48.20,4.7,France,1994-95,,28,23.00,7.6,0.17,0.620,0.28,,flow,1.46,0.78,2.58E+05,1.61E+05,,,1.71E+08,1.26E+08,0.38,0.26,Carbonate,,TDP,0.038,0.013,1.07E+04,3.80E+03,0.64,,Garnier et al 1999,"Summed NO3 and NH4 from Table 4. Averaged across years. TP doesn't match Table 4, not sure what data was extracted for P."
Saguling,-6.55,107.35,Indonesia,,,18,56.00,18.4,1.03,0.230,4.48,,flow,10.99,4.62,4.92E+07,2.07E+07,,,4.39E+08,2.54E+08,0.58,0.42,"Unconsol_seds,Intermed_volcanic,Mixed_seds",Surface,TDP,0.339,0.112,1.52E+06,5.02E+05,0.67,,Hart et al 2002,"Revised phosphorus data based on Table 5, old value of P retention was .81. May have been total P? Now values based on FRP and DIN"
Jordan,49.42,14.67,Czech_Republic,2000,1492,508,0.49,5.2,0.00,0.301,0.01,,pump,3.99,4.12,3.36E+04,3.46E+04,,,,,-0.03,,Metamorphic,Surface,,,,,,,Hejzlar database,"Hejzlar, unpublished",
Lipno,48.67,14.16666667,Czech_Republic,1991-99,1960,35,43.04,5.7,0.25,0.559,0.44,,flow,2.35,1.22,1.03E+06,5.36E+05,,,,,0.47,,Metamorphic,Bottom,,,,,,,Hejzlar database,"Hejzlar, unpublished",
Nemcice,49.68,15.09166667,Czech_Republic,1997-2000,1980,18.5,0.22,3.9,0.00,0.083,0.01,,unknown,4.52,2.02,4.66E+04,2.08E+04,,,,,0.55,,Metamorphic,Bottom,,,,,,,Hejzlar database,"Hejzlar, unpublished",
Nyrsko,49.01,13.21666667,Czech_Republic,1992-2003,1969,28.5,1.30,12.4,0.02,0.304,0.05,,pump,0.85,0.51,4.53E+04,2.69E+04,,,,,0.41,,"Metamorphic,Acid_plutonic",Bottom,,,,,,,Hejzlar database,"Hejzlar, unpublished",
Rimov,48.83,14.66666667,Czech_Republic,1999-2001,1978,22,1.78,14.8,0.03,0.272,0.10,,pump,2.76,1.21,2.67E+05,1.17E+05,,,,,0.55,,Metamorphic,Mixed,,,,,,,Hejzlar database,"Hejzlar, unpublished",
Sedlice,49.53,15.26666667,Czech_Republic,1997-2000,1927,71.5,0.32,5.1,0.00,0.024,0.07,,flow,4.68,3.15,3.13E+05,2.11E+05,,,,,0.52,,Metamorphic,Bottom,,,,,,,Hejzlar database,"Hejzlar, unpublished",
Slapy,49.80,14.7,Czech_Republic,2004,1954,50,11.86,20.3,0.24,0.100,2.40,,flow,2.35,1.84,5.64E+06,4.42E+06,,,,,0.21,,Acid_plutonic,Bottom,,,,,,,Hejzlar database,"Hejzlar, unpublished",
Trnavka,49.53,15.21666667,Czech_Republic,1997-2000,1981,17,0.77,6.3,0.00,0.090,0.05,,unknown,2.86,1.58,1.53E+05,8.41E+04,,,,,0.45,,Metamorphic,Bottom,,,,,,,Hejzlar database,"Hejzlar, unpublished",
Zelivka_1,49.67,15.09166667,Czech_Republic,1994,1975,19,10.57,16.3,0.17,1.045,0.17,,pump,2.80,0.59,4.62E+05,9.78E+04,,,,,0.80,,Metamorphic,Bottom,,,,,,,Hejzlar database,"Hejzlar, unpublished",
Zelivka_2,49.67,15.09166667,Czech_Republic,1995-2000,1975,22,13.74,18.2,0.25,1.233,0.20,,pump,2.80,0.49,5.68E+05,1.00E+05,,,,,0.86,,Metamorphic,Mixed,,,,,,,Hejzlar database,"Hejzlar, unpublished",
Chatuge,35.02,-83.78,North_Carolina (USA),1974-1976,1942,33,23.90,9.5,0.23,0.436,0.52,,flow,0.68,0.52,3.53E+05,2.69E+05,,,,,0.23,,"Metamorphic,Siliclastic_sed",Bottom,,,,,,,Hejzlar database,Higgins&Kim 1981,No N data
Cherokee,36.15,-83.48,Tennessee (USA),1974-1976,1941,34,77.90,13.9,1.08,0.217,5.00,,flow,5.00,1.07,2.50E+07,5.33E+06,,,,,0.78,,Carbonate,Bottom,,,,,,,Hejzlar database,Higgins&Kim 1981,No N data
Chickamauga,35.10,-85.22,Tennessee (USA),1974-1976,1940,35,122.20,5.0,0.61,0.017,36.39,,flow,0.84,0.87,3.05E+07,3.17E+07,,,,,-0.06,,Siliclastic_sed,Bottom,,,,,,,Hejzlar database,Higgins&Kim 1981,No N data
Douglas,35.95,-83.53,Tennessee (USA),1974-1976,1943,32,78.90,10.7,0.85,0.116,7.28,,flow,2.16,1.07,1.58E+07,7.76E+06,,,,,0.49,,Siliclastic_sed,Bottom,,,,,,,Hejzlar database,Higgins&Kim 1981,No N data
Fontana,35.45,-83.78,North_Carolina (USA),1974-1976,1944,31,31.30,37.8,1.18,0.281,4.21,,flow,1.45,0.48,6.11E+06,2.04E+06,,,,,0.66,,"Metamorphic,Siliclastic_sed",Bottom,,,,,,,Hejzlar database,Higgins&Kim 1981,No N data
Fort_Loudoun,35.78,-84.23,Tennessee (USA),1974-1976,1943,32,54.50,7.3,0.40,0.027,14.82,,flow,1.42,1.61,2.11E+07,2.39E+07,,,,,-0.13,,Carbonate,Bottom,,,,,,,Hejzlar database,Higgins&Kim 1981,No N data
Guntersville,34.42,-86.38,USA,1974-1976,1939,36,261.30,4.2,1.11,0.025,45.00,,flow,1.23,0.94,5.52E+07,4.21E+07,,,,,0.24,,Siliclastic_sed,Bottom,,,,,,,Hejzlar database,Higgins&Kim 1981,No N data
Hiwassee,35.15,-84.17,USA,1974-1976,1940,35,17.00,20.2,0.34,0.152,2.26,,flow,0.68,0.55,1.53E+06,1.24E+06,,,,,0.17,,Siliclastic_sed,Bottom,,,,,,,Hejzlar database,Higgins&Kim 1981,No N data
Kentucky,37.00,-88.27,USA,1974-1976,1944,31,583.40,5.0,2.90,0.038,75.78,,flow,2.39,2.42,1.81E+08,1.83E+08,,,,,-0.04,,"Unconsol_seds,Carbonate",Bottom,,,,,,,Hejzlar database,Higgins&Kim 1981,No N data
Nickjack,35.00,-85.62,USA,1974-1976,1967,8,42.70,6.7,0.29,0.008,37.94,,flow,1.16,1.13,4.41E+07,4.29E+07,,,,,0.01,,Siliclastic_sed,Bottom,,,,,,,Hejzlar database,Higgins&Kim 1981,No N data
Norris,36.22,-84.08,USA,1974-1976,1936,39,105.00,16.3,1.72,0.374,4.59,,flow,1.23,0.45,5.63E+06,2.07E+06,,,,,0.60,,Siliclastic_sed,Bottom,,,,,,,Hejzlar database,Higgins&Kim 1981,No N data
Pickwick,34.90,-88,Alabama (USA),1974-1976,1938,37,162.00,6.5,1.05,0.017,62.13,,flow,1.65,2.07,1.02E+08,1.28E+08,,,,,-0.26,,Unconsol_seds,Bottom,,,,,,,Hejzlar database,Higgins&Kim 1981,No N data
South_Holston,36.50,-82.08,USA,1974-1976,1950,25,26.00,23.4,0.61,0.550,1.11,,flow,1.10,0.36,1.22E+06,3.93E+05,,,,,0.68,,Siliclastic_sed,Bottom,,,,,,,Hejzlar database,Higgins&Kim 1981,No N data
Tims_Ford,35.18,-86.27,USA,1974-1976,1970,5,39.60,14.9,0.59,0.560,1.06,,flow,0.77,0.71,8.19E+05,7.50E+05,,,,,0.03,,Mixed_seds,Bottom,,,,,,,Hejzlar database,Higgins&Kim 1981,No N data
Watauga,36.32,-82,USA,1974-1976,1948,27,22.80,24.5,0.56,0.688,0.81,,flow,1.65,0.39,1.33E+06,3.14E+05,,,,,0.75,,Siliclastic_sed or Metamorphic,Bottom,,,,,,,Hejzlar database,Higgins&Kim 1981,No N data
Watts_Bar,35.62,-84.77,Tennessee (USA),1974-1976,1942,33,148.00,7.3,1.08,0.035,30.75,,flow,1.29,0.87,3.97E+07,2.68E+07,,,,,0.33,,Siliclastic_sed,Bottom,,,,,,,Hejzlar database,Higgins&Kim 1981,No N data
Wheeler,34.80,-87.37,Tennessee/Alabama (USA),1974-1976,1936,39,227.50,5.3,1.20,0.022,54.90,,flow,1.13,1.81,6.20E+07,9.93E+07,,,,,-0.60,,Water_body,Bottom,,,,,,,Hejzlar database,Higgins&Kim 1981,No N data
Wilson_Alabama,34.80,-87.62,Alabama (USA),1974-1976,1924,51,63.40,12.3,0.78,0.013,59.00,,flow,1.81,1.68,1.07E+08,9.91E+07,,,,,0.07,,Carbonate,Bottom,,,,,,,Hejzlar database,Higgins&Kim 1981,No N data
Eau_Galle,44.70,-92.23,Wisconsin (USA),,,18,0.60,3.2,0.00,0.655,0.00,,flow,113.81,62.71,3.33E+05,1.84E+05,,,,,0.45,,Siliclastic_sed,,,,,,,,,James and Barko 1997,No N data
Falcon,26.60,-99.23,Texas (USA)/Mexico,,,44,338.50,11.5,3.90,0.800,1.74,,pump,3.23E+00,1.61E-01,5.89E+06,2.36E+05,5.43E+01,1.36E+01,9.39E+07,2.22E+07,0.96,0.76,,,SRP,,,1.61E+04,6.46E+02,0.96,,Kelly 2001,"N is Nitrate, P is SRP"
Lake_Mead,36.40,-114.39,USA,,,62,640.00,40,25.60,3.700,17.63,,pump,9.69E-02,9.69E-02,1.77E+06,1.18E+06,1.79E+01,2.29E+01,3.13E+08,3.13E+08,0.33,0.00,Acid_plutonic,,SRP,,,4.84E+03,3.23E+03,0.33,,Kelly 2001,"N is Nitrate, P is SRP"
Lake_Powell,36.90,-111.48,USA,,,29,658.00,40,26.30,3.300,16.31,,pump,3.23E-01,6.46E-02,4.71E+06,1.06E+06,1.71E+01,1.79E+01,2.87E+08,2.87E+08,0.78,0.00,Siliclastic_sed,,SRP,,,1.29E+04,2.91E+03,0.77,,Kelly 2001,"N is Nitrate, P is SRP"
Amistad Reservoir,,,USA,,,,,,,1.600,0.88,,,1.29E-01,3.23E-02,1.18E+05,4.71E+04,5.43E+01,2.21E+01,49535714,31285714,0.60,0.37,,,,,,,,,,Kelly 2001,"N is Nitrate, P is SRP"
Williams_Fork_2,41.00,-106.0,Colorado (USA),1979-1982,1959,21.5,4.13,18.2,0.08,0.766,0.10,,pump,0.89,0.74,8.76E+04,7.27E+04,,,,,0.17,,Siliclastic_sed,,,,,,,,Hejzlar database,LaBaugh 1985,No N data
Gross,39.95,-105.36,Colorado (USA),,,25,1.68,30.7,0.05,0.290,0.18,,flow,0.42,0.49,7.46E+04,8.71E+04,,,,,-0.17,,Metamorphic or Siliclastic_sed,,,,,,,,as above,LaBaugh and Winter 1984,No N data
Williams_Fork_1,40.00,-106.0,Colorado (USA),,,20,6.55,18.2,0.12,0.820,0.15,,flow,0.94,0.84,1.37E+05,1.21E+05,,,,,0.11,,Siliclastic_sed,,,,,,,,"back-calculated effluxes for each year, averaged them, then calculated average retentions from this",LaBaugh and Winter 1984,No N data
HoaBinhReservoir,20.48,105.32,Vietnam,,,9,208.00,45.67,9.50,0.088,108.00,,flow,4.42,1.70,4.78E+08,1.84E+08,,,2564285714,2564285714,0.61,0.00,Carbonate,,,,,,,,,Le Thi Phuong et al 2010,N is organic + inorganic
ThacBa_reservoir,21.42,105.03,Vietnam,,,31,235.00,58,13.63,2.183,6.24,,flow,59.98,55.32,3.75E+08,3.45E+08,,,2242857143,2228571429,0.08,0.00,,,,,,,,,,Le Thi Phuong et al 2010,N is organic + inorganic
Broa,-22.20,-47.87,Brazil,,,64,3.00,3,0.01,0.082,0.11,,flow,0.96,0.81,1.05E+05,8.93E+04,,,,,0.15,,Siliclastic_sed,,,,,,,,,Miranda & Matvienko 2003,No N data
Anarbe,43.22,-1.87,Spain,79-80,1976,3.5,1.32,25.7,0.03,0.410,0.08,,pump,0.43,0.29,3.55E+04,2.40E+04,,,,,0.32,,,,,,,,,,Hejzlar database,Ortiz&Pe?a 1984,"Can't find pub, is titled: ""Applicability of the OECD eutrophication models to Spanish reservoirs."""
Artikutza,43.20,-1.78,Spain,79-80,1962,17.5,0.11,10.9,0.00,0.070,0.02,,pump,0.39,0.42,6.46E+03,6.88E+03,,,,,-0.07,,Mixed_seds,,,,,,,,Hejzlar database,Ortiz&Pe?a 1984,"Can't find pub, is titled: ""Applicability of the OECD eutrophication models to Spanish reservoirs."""
Azut n,39.77,-5.08,Spain,80-81,1969,11.5,6.52,9.0,0.06,0.040,1.47,,pump,68.34,57.02,1.01E+08,8.40E+07,,,,,0.17,,Siliclastic_sed or Acid_plutonic,,,,,,,,Hejzlar database,Ortiz&Pe?a 1984,"Can't find pub, is titled: ""Applicability of the OECD eutrophication models to Spanish reservoirs."""
Castrej¢n,39.85,-4.28,Spain,80-81,1967,13.5,4.85,5.5,0.03,0.020,1.33,,pump,81.01,67.06,1.07E+08,8.89E+07,,,,,0.17,,Metamorphic,,,,,,,,Hejzlar database,Ortiz&Pe?a 1984,"Can't find pub, is titled: ""Applicability of the OECD eutrophication models to Spanish reservoirs."""
El_Atazar,40.90,-3.52,Spain,78-81,1972,7.5,9.32,39.0,0.36,1.846,0.20,,pump,0.75,0.69,1.48E+05,1.36E+05,,,,,0.16,,Mixed_seds or Acid_plutonic,,,,,,,,Hejzlar database,Ortiz&Pe?a 1984,"Can't find pub, is titled: ""Applicability of the OECD eutrophication models to Spanish reservoirs."""
El_Burguillo,40.42,-4.57,Spain,1978-81,1913,66.5,5.08,23.4,0.12,0.362,0.33,,pump,2.62,1.95,8.58E+05,6.39E+05,,,,,0.25,,"Unconsol_seds,Siliclastic_sed,Acid_plutonic",,,,,,,,Hejzlar database,Ortiz&Pe?a 1984,"Can't find pub, is titled: ""Applicability of the OECD eutrophication models to Spanish reservoirs."""
Guajaraz,39.78,-4.08,Spain,1978-81,1971,8.5,1.28,10.1,0.01,1.023,0.01,,pump,4.70,1.89,5.98E+04,2.41E+04,,,,,0.48,,Metamorphic,,,,,,,,Hejzlar database,Ortiz&Pe?a 1984,"Can't find pub, is titled: ""Applicability of the OECD eutrophication models to Spanish reservoirs."""
Ribarroja,41.32,0.35,Spain,1978-81,1969,10.5,10.52,11.8,0.12,0.010,12.42,,pump,4.38,3.13,5.44E+07,3.89E+07,,,,,0.29,,Carbonate,,,,,,,,Hejzlar database,Ortiz&Pe?a 1984,"Can't find pub, is titled: ""Applicability of the OECD eutrophication models to Spanish reservoirs."""
Riosequillo,40.97,-3.65,Spain,1978-81,1956,23.5,1.61,15.8,0.03,0.125,0.20,,pump,2.16,1.76,4.41E+05,3.60E+05,,,,,0.07,,Mixed_seds or Acid_plutonic,,,,,,,,Hejzlar database,Ortiz&Pe?a 1984,"Can't find pub, is titled: ""Applicability of the OECD eutrophication models to Spanish reservoirs."""
San_Pons,41.97,1.6,Spain,1979-81,1957,22.5,0.96,18.8,0.02,0.309,0.06,,pump,2.43,2.20,1.41E+05,1.28E+05,,,,,0.11,,,,,,,,,,Hejzlar database,Ortiz&Pe?a 1984,"Can't find pub, is titled: ""Applicability of the OECD eutrophication models to Spanish reservoirs."""
Sau,41.97,2.03,Spain,1979-81,1963,16.5,3.95,29.4,0.12,0.295,0.39,,pump,19.56,11.32,7.69E+06,4.45E+06,,,,,0.44,,Siliclastic_sed or Carbonate,,,,,,,,Hejzlar database,Ortiz&Pe?a 1984,"Can't find pub, is titled: ""Applicability of the OECD eutrophication models to Spanish reservoirs."""
Valmayor,40.53,-4.05,Spain,1978-81,1975,4.5,5.33,10.7,0.06,6.452,0.01,,pump,56.45,9.16,4.99E+05,8.09E+04,,,,,0.76,,Unconsol_seds or Acid_plutonic,,,,,,,,Hejzlar database,Ortiz&Pe?a 1984,"Can't find pub, is titled: ""Applicability of the OECD eutrophication models to Spanish reservoirs."""
DeGijster,51.72,4.8,Netherlands,1981,,,3.05,13.1,0.04,0.211,0.19,,pump,10.65,7.75,2.02E+06,1.47E+06,,,,,0.27,,Unconsol_seds,Bottom,,,,,,,Hejzlar database,Oskam 1995,can't find pub
Honderd_(Biesbosch),51.72,4.77,Netherlands,1981,1973,8,2.10,15.7,0.03,0.174,0.19,,pump,7.75,7.75,1.47E+06,1.47E+06,,,,,0.00,,,Bottom,,,,,,,Hejzlar database,Oskam 1995,can't find pub
Petrusplaat,51.75,4.76,Netherlands,1981,1973,8,1.00,13.0,0.01,0.069,0.19,,pump,7.75,4.84,1.47E+06,9.16E+05,,,,,0.38,,Unconsol_seds,Bottom,,,,,,,Hejzlar database,Oskam 1995,can't find pub
Fen‚ki-Pond,47.05,16.8,Hungary,1985-1990,1984,3.5,51.00,1.2,0.06,0.252,0.24,,flow,7.48,7.82,1.81E+06,1.90E+06,,,,,-0.05,,Unconsol_seds,,,,,,,,Hejzlar database,Pomogyi 1993,not sure where P data for this part came so didn't add N
Hidv‚gi-Pond,47.00,16.8,Hungary,1985-1990,1985,2.5,18.00,1.1,0.02,0.109,0.19,,flow,17.58,7.48,3.30E+06,1.41E+06,,,,,0.57,0.19,Unconsol_seds,,,,,,,,Hejzlar database,Pomogyi 1993,TN
Valle_de_Bravo,19.36,-100.18,Mexico,2002-2005,1947,56.5,18.55,21.1,0.35,1.375,0.25,,pump,15.44,3.35,3.90E+06,8.45E+05,,,42271430,22835710,0.78,0.46,"Unconsol_seds,Siliclastic_sed,Acid_volcanic",,,,,,,,"highly urbanized, weird downstream to upstream pumping","Ramirez-Zierold et al., 2010",TN
Burvattnet,64.00,13.33,Sweden,,,59,13.20,43,0.55,3.900,0.14,,unknown,0.13,0.13,1.87E+04,1.82E+04,,,,,0.02,,"Acid_volcanic,Acid_plutonic",,,,,,,,Uses discharge calcuated from retention time and volume,"Rydin et al., 2008",no N data
Mjolkvattnet,63.90,13.32,Sweden,,,59,13.60,31,0.41,1.200,0.34,,unknown,0.13,0.13,4.90E+04,4.34E+04,,,2.87E+06,1.30E+06,0.11,0.55,"Acid_volcanic,Acid_plutonic",,,,,,,,inflow includes atmospheirc deposition. Data for 2001 only,"Rydin et al., 2008",
Bavigne(Lac_de_la_Haute_Sure),49.90,5.87,Luxemberg.,1989-90,,,0.24,7.1,0.00,0.122,0.01,,flow,5.71,1.15,7.81E+04,1.57E+04,,,,,0.80,,Mixed_seds,Surface,,,,,,,Hejzlar database,Salvia-Castelvi et al. 2001,no N data
Misere,49.88,5.83,Luxemberg.,1989-90,,,0.20,2.5,0.00,0.004,0.13,,flow,7.49,2.96,9.88E+05,3.91E+05,,,,,0.60,,Mixed_seds,Surface,,,,,,,Hejzlar database,Salvia-Castelvi et al. 2001,no N data
Predam_Bavigne,49.75,5.85,Luxemberg.,,,33,0.24,7.1,0.00,0.121,0.01,,unknown,5.81,1.07,8.06E+04,1.48E+04,,,,,0.82,,Mixed_seds,,SRP,0.697,0.325,9.68E+03,4.52E+03,0.53,"outflow = surface open spillweir, water from epilimnion; type of phytoplankton given","Salvi-Castellvi et al., 2001",no N data
Predam_Misere,49.88,5.83,Luxemberg.,,,33,0.20,2.5,0.00,0.004,0.13,,unknown,7.06,2.92,9.35E+05,3.87E+05,,,,,0.59,,Mixed_seds,,SRP,1.023,0.974,1.35E+05,1.29E+05,0.05,"outflow = surface open spillweir, water from epilimnion; type of phytoplankton given.","Salvi-Castellvi et al., 2001",no N data
Wahnbach_Talsperre_1,51.00,9.0,Germany,1976-77,1958,18.5,1.30,16.0,0.02,1.020,0.02,,pump,3.85,0.48,7.86E+04,9.79E+03,,,,,0.88,,"Unconsol_seds,Siliclastic_sed,Mixed_seds",,,,,,,,Hejzlar database,Sas H.1989,no N data
Wahnbach_Talsperre_2,51.00,9.0,Germany,1978-85,1958,23.5,1.30,16.0,0.02,0.815,0.03,,pump,0.92,0.36,2.36E+04,9.09E+03,,,,,0.61,,"Unconsol_seds,Siliclastic_sed,Mixed_seds",,,,,,,,Hejzlar database,Sas H.1989,no N data
Calhan,38.63,-104.65,Colorado,1973-75,,,0.08,2.0,0.00,0.298,0.00,,flow,4.21,3.10,2.31E+03,1.70E+03,,,,,0.26,,,,,,,,,,Hejzlar database,Schreiber&Rausch 1979,could not find pub - abstract suggests no N data
Iron_Gate,44.40,22.5,Romania,,,29,156.40,17.26,2.70,0.030,89.98,,flow,5.35,5.92,4.81E+08,5.33E+08,,,,,-0.11,,Intermed_plutonic or Siliclastic_sed,,TDP,0.063,0.107,5.70E+06,9.60E+06,-0.68,,Teodoru and Wehrli 2005,in Harrison
John_Mack_Lake,-18.30,29.88,Zimbabwe,,,5,4.85,4.3,0.02,0.200,0.10,,pump,,NA,NA,NA,,,,,,,Metamorphic,,TRP = SRP + PRP,,,4.29E+05,3.58E+05,0.17,,Thornton 1980,no N data
Lake_McIlwaine,-17.90,30.8,Zimbabwe,,,26,26.30,9.4,0.25,0.900,0.27,,pump,,NA,NA,NA,,,,,NA,,Metamorphic,,TRP = SRP + PRP,,,2.41E+06,1.08E+06,0.55,,Thornton 1980,no N data
Lake_Robertson,-17.80,30.57,Zimbabwe,,,2,81.00,6,0.49,1.100,0.44,,pump,,NA,NA,NA,,,,,NA,,Metamorphic,,TRP = SRP + PRP,,,1.61E+06,4.26E+05,0.74,,Thornton 1980,no N data
Hartbeespoort_Dam,-25.72,27.85,South_Africa,1981-85,1969,14,12.65,9.0,0.11,0.919,0.12,,pump,65.27,20.04,8.06E+06,2.47E+06,,,,,0.69,,"Siliclastic_sed,Carbonate",,,,,,,,Hejzlar database,Thornton&Ashton1989,no N data
Taiquin,30.40,-84.63333333,USA,1972-74,1927,46,39.25,4.1,0.16,0.123,1.31,,pump,6.26,3.11,8.18E+06,4.07E+06,,,1.50E+08,1.35E+08,0.45,0.10,Unconsol_seds,Bottom,,,,,,,Hejzlar database,Turner et al 1983,TN
Acton_Lake,39.57,-84.74,Ohio (USA),,,55,2.40,3.9,0.01,0.120,0.08,,flow,7.90,5.43,6.15E+05,4.23E+05,,,6.50E+07,4.83E+07,0.31,0.26,Carbonate,,,,,,,,,"Vani et al., 2011",TN
Skipout,35.60,-99.9,USA,,,33,0.19,3.7,0.00,2.800,0.00,,flow,7.23,0.52,1.81E+03,1.29E+02,,,3.83E+04,5.21E+03,0.93,0.86,Unconsol_seds,,,,,,,,Hard water - discussed in report,Wagner 1996,TN
ALLATOONA,34.16,-84.727,Georgia (USA),1972-1976,1950,24,48.60,9.1,0.44,0.158,2.80,,pump,2.47,0.83,6.90E+06,2.32E+06,5.29E+01,4.01E+01,,,0.66,0.24,Carbonate,Bottom,,,,,,,Hejzlar database,Walker 1985,"10069; has N data. data on page 318, lake codes on page 311"
ALLEGHENY_(KINZUA),41.84,-79.003,USA,1972-1976,1965,9,85.70,13.2,1.13,0.166,6.81,,flow,1.49,1.00,1.01E+07,6.80E+06,4.94E+01,9.20E+01,,,0.33,-0.86,Siliclastic_sed,Mixed,,,,,,,Hejzlar database,Walker 1985,code 16328
ASHTABULA_(BALDHILL),47.03,-98.083,North_Dakota (USA),1972-1977,1951,23,21.20,3.8,0.08,0.490,0.16,,pump,9.94,7.23,1.63E+06,1.19E+06,2.06E+02,1.56E+02,,,0.27,0.24,Unconsol_seds,Bottom,,,,,,,Hejzlar database,Walker 1985,15237
ATWOOD,40.53,-81.285,USA,1972-1976,1940,34,8.00,4.4,0.04,0.302,0.12,,flow,2.94,0.89,3.43E+05,1.03E+05,1.71E+02,6.82E+01,,,0.70,0.60,Siliclastic_sed,Surface,,,,,,,Hejzlar database,Walker 1985,17241
BANKHEAD,33.45,-87.349,USA,1972-1976,1915,59,35.48,9.3,0.33,0.038,8.68,,flow,2.09,1.69,1.81E+07,1.47E+07,1.21E+02,1.11E+02,,,0.19,0.09,Siliclastic_sed,Bottom,,,,,,,Hejzlar database,Walker 1985,10411
BARKLEY,37.02,-88.221,USA,1972-1976,1966,8,230.00,5.0,1.15,0.023,50.00,,flow,4.30,3.97,2.15E+08,1.99E+08,8.39E+01,8.20E+01,,,0.08,0.02,"Carbonate,Unconsol_seds",Mixed,,,,,,,Hejzlar database,Walker 1985,19119
BARREN_RIVER,36.89,-86.124,USA,1972-1976,1964,10,41.00,7.9,0.32,0.158,2.05,,flow,2.19,1.51,4.48E+06,3.10E+06,1.46E+02,8.79E+01,,,0.31,0.40,Carbonate,Bottom,,,,,,,Hejzlar database,Walker 1985,18120
BEACH_CITY,40.63,-81.558,USA,1972-1976,1936,38,1.70,1.5,0.00,0.013,0.20,,flow,8.64,6.74,1.69E+06,1.32E+06,2.91E+02,2.72E+02,,,0.22,0.07,Siliclastic_sed,Surface,,,,,,,Hejzlar database,Walker 1985,17242
BEAVER,36.42,-93.847,USA,1972-1976,1966,8,114.10,17.8,2.03,0.955,2.13,,flow,2.04,0.52,4.35E+06,1.11E+06,7.31E+01,5.54E+01,,,0.74,0.24,Carbonate,Mixed,,,,,,,Hejzlar database,Walker 1985,24011
BELTZVILLE,40.85,-75.638,USA,1972-1976,1972,2,1.56,13.5,0.02,0.245,0.09,,pump,0.45,0.36,3.89E+04,3.05E+04,8.20E+01,8.20E+01,,,0.21,0.00,Siliclastic_sed,Surface,,,,,,,Hejzlar database,Walker 1985,3307
BERLIN,41.05,-81.002,USA,1972-1976,1943,31,14.53,5.1,0.07,0.224,0.33,,pump,12.10,1.86,4.00E+06,6.14E+05,2.06E+02,1.49E+02,,,0.85,0.28,Siliclastic_sed,Mixed,,,,,,,Hejzlar database,Walker 1985,16243
BLUES_TONE,37.64,-80.887,USA,1972-1976,1949,25,8.30,9.8,0.08,0.021,3.87,,flow,1.50,1.48,5.80E+06,5.71E+06,9.86E+01,1.01E+02,,,0.02,-0.02,Siliclastic_sed,,,,,,,,Hejzlar database,Walker 1985,17389
BULL_SHOALS,36.37,-92.572,USA,1972-1976,1951,23,182.70,20.9,3.82,0.437,8.74,,flow,0.61,0.40,5.30E+06,3.47E+06,5.42E+01,5.54E+01,,,0.35,-0.02,Carbonate,Mixed,,,,,,,Hejzlar database,Walker 1985,24013
CANYON,29.87,-98.198,USA,1972-1976,1964,10,33.31,13.5,0.45,0.575,0.78,,flow,0.64,0.36,5.02E+05,2.83E+05,1.01E+02,5.17E+01,,,0.44,0.49,Carbonate,Bottom,,,,,,,Hejzlar database,Walker 1985,26347
CARLYLE,38.62,-89.351,USA,1972-1976,1958,16,105.20,3.6,0.38,0.123,3.08,,flow,6.47,3.88,1.99E+07,1.19E+07,2.98E+02,2.59E+02,,,0.40,0.13,Carbonate,Mixed,,,,,,,Hejzlar database,Walker 1985,20081
CHARLES_MILL,40.74,-82.363,USA,1972-1977,1936,38,5.46,1.7,0.01,0.035,0.27,,flow,5.63,5.00,1.49E+06,1.33E+06,2.37E+02,2.11E+02,,,0.11,0.11,Siliclastic_sed,Surface,,,,,,,Hejzlar database,Walker 1985,17245
CLARK_HILL,33.66,-82.199,USA,1972-1976,1952,22,288.00,10.7,3.08,0.263,11.72,,pump,1.84,0.79,2.15E+07,9.27E+06,4.94E+01,6.36E+01,,,0.57,-0.29,Metamorphic,Bottom,,,,,,,Hejzlar database,Walker 1985,8074
CUMBERLAND_(WOLF_CREEK),36.87,-85.145,USA,1972-1976,1952,22,265.20,22.4,5.94,0.288,20.63,,flow,1.87,1.09,3.86E+07,2.26E+07,7.48E+01,6.51E+01,,,0.41,0.13,Carbonate,Bottom,,,,,,,Hejzlar database,Walker 1985,19122
DALE_HOLLOW,36.54,-85.441,USA,1972-1976,1943,31,111.40,14.5,1.62,0.676,2.39,,flow,0.61,0.27,1.45E+06,6.40E+05,4.72E+01,1.06E+02,,,0.56,-1.24,Carbonate,Bottom,,,,,,,Hejzlar database,Walker 1985,19343
DEER_CREEK,39.62,-83.216,Ohio (USA),1972-1976,1968,6,12.00,3.1,0.04,0.035,1.06,,flow,8.70,5.61,9.25E+06,5.96E+06,,,,,0.36,NA,Carbonate,,,,,,,,Hejzlar database,Walker 1985,17247; no N data
DELAWARE,40.36,-83.069,USA,1972-1976,1951,23,5.26,3.5,0.02,0.025,0.74,,flow,5.49,4.16,4.04E+06,3.06E+06,3.19E+02,2.84E+02,,,0.24,0.11,Siliclastic_sed or Carbonate,Surface,,,,,,,Hejzlar database,Walker 1985,17248
DWORSHAK,46.52,-116.299,USA,1972-1976,1973,2,69.20,57.5,3.98,0.603,6.60,,flow,0.64,0.54,4.22E+06,3.54E+06,4.94E+01,2.78E+01,,,0.16,0.44,Unconsol_seds,Mixed,,,,,,,Hejzlar database,Walker 1985,31077
ENID,34.16,-89.903,USA,1972-1976,1952,22,24.70,5.6,0.14,0.309,0.45,,flow,9.36,2.09,4.19E+06,9.34E+05,1.19E+02,6.22E+01,,,0.78,0.48,Siliclastic_sed,Mixed,,,,,,,Hejzlar database,Walker 1985,22189
F_J_SAYERs,41.05,-77.604,USA,1972-1976,1971,3,7.00,4.6,0.03,0.047,0.69,,flow,7.33,2.69,5.02E+06,1.84E+06,1.92E+02,1.46E+02,,,0.63,0.24,Siliclastic_sed,Mixed,,,,,,,Hejzlar database,Walker 1985,4312
FORT_SUPPLY,36.55,-99.571,USA,1972-1976,1942,32,7.28,2.3,0.02,0.708,0.02,,flow,2.69,1.66,6.37E+04,3.92E+04,,,,,0.38,NA,Siliclastic_sed,,,,,,,,Hejzlar database,Walker 1985,25268; no N data
HARLAN_COUNTY,40.07,-99.208,USA,1972-1976,1951,23,53.62,6.9,0.37,1.905,0.19,,pump,14.78,3.97,2.87E+06,7.71E+05,5.30E+02,8.79E+01,,,0.73,0.83,"Siliclastic_sed,Unconsol_seds",Bottom,,,,,,,Hejzlar database,Walker 1985,29207
HARTWELL,34.36,-82.822,USA,1972-1976,1962,12,91.50,13.8,1.26,0.537,2.35,,flow,2.08,0.29,4.90E+06,6.91E+05,4.94E+01,1.84E+01,,,0.86,0.63,Metamorphic,Bottom,,,,,,,Hejzlar database,Walker 1985,8330
HILLS_CREEK,43.71,-122.423,USA,1972-1976,1961,13,11.10,37.2,0.41,0.288,1.43,,flow,1.29,1.15,1.85E+06,1.64E+06,1.36E+01,1.75E+01,,,0.11,-0.28,Basic_volcanic,,,,,,,,Hejzlar database,Walker 1985,33300
HOLT,33.25,-87.45,Alabama (USA),1972-1976,1966,8,13.35,11.0,0.15,0.014,10.49,,flow,1.26,1.09,1.32E+07,1.15E+07,9.20E+01,1.19E+02,,,0.13,-0.29,Siliclastic_sed or Unconsol_seds,Bottom,,,,,,,Hejzlar database,Walker 1985,10003
J_PERCY_PRIEST,36.15,-86.617,USA,1972-1976,1968,6,57.50,8.3,0.48,0.209,2.28,,flow,4.86,3.30,1.11E+07,7.54E+06,6.22E+01,6.36E+01,,,0.32,-0.02,Mixed_seds,Mixed,,,,,,,Hejzlar database,Walker 1985,19340
JOHN_H_KERR,36.60,-78.301,USA,1972-1976,1953,21,200.00,9.3,1.86,0.245,7.59,,flow,4.36,0.83,3.31E+07,6.30E+06,9.64E+01,8.79E+01,,,0.81,0.09,Acid_plutonic,Bottom,,,,,,,Hejzlar database,Walker 1985,6372
JOHN_REDMOND_1,38.24,-95.768,Kansas (USA),1972-1976,1964,10,32.70,2.5,0.08,0.055,1.49,,pump,12.30,5.74,1.83E+07,8.53E+06,2.48E+02,1.43E+02,,,0.53,0.42,Siliclastic_sed or Carbonate,Mixed,,,,,,,Hejzlar database,Walker 1985,25105
JOHN_W_FLANNAGAN,37.23,-82.348,USA,1972-1976,1964,10,4.63,19.5,0.09,0.316,0.29,,flow,2.52,0.40,7.20E+05,1.13E+05,9.41E+01,9.64E+01,,,0.84,-0.02,Siliclastic_sed,,,,,,,,Hejzlar database,Walker 1985,17373
KEYSTONE,36.15,-96.251,USA,1972-1976,1968,6,105.20,8.1,0.85,0.066,12.91,,flow,12.62,3.54,1.63E+08,4.57E+07,2.26E+02,1.06E+02,,,0.72,0.53,Siliclastic_sed,,,,,,,,Hejzlar database,Walker 1985,25273
LAVON,33.03,-96.482,USA,1972-1976,1953,21,87.00,5.0,0.44,0.288,1.51,,flow,7.65,1.58,1.16E+07,2.39E+06,1.53E+02,6.36E+01,,,0.79,0.58,Unconsol_seds or Carbonate,Surface,,,,,,,Hejzlar database,Walker 1985,26354
LEWISVILLE,33.07,-96.964,USA,1972-1976,1955,19,119.75,6.6,0.79,0.437,1.81,,pump,9.11,2.51,1.65E+07,4.53E+06,1.43E+02,6.82E+01,,,0.72,0.52,"Unconsol_seds,Carbonate,Siliclastic_sed",Mixed,,,,,,,Hejzlar database,Walker 1985,26355
MENDOCINO,39.20,-123.181,USA,1972-1976,1958,16,7.78,13.5,0.11,0.245,0.43,,flow,4.17,2.04,1.79E+06,8.73E+05,6.82E+01,5.42E+01,,,0.51,0.21,Siliclastic_sed,Bottom,,,,,,,Hejzlar database,Walker 1985,35029
MILFORD_1,39.08,-96.891,Kansas (USA),1972-1976,1962,12,63.60,7.8,0.48,1.096,0.44,,pump,17.15,1.95,7.56E+06,8.59E+05,1.97E+02,1.06E+02,,,0.89,0.46,Mixed_seds,Bottom,,,,,,,Hejzlar database,Walker 1985,29108
MILLWOOD,33.69,-93.965,USA,1972-1976,1966,8,118.17,2.3,0.27,0.025,10.87,,flow,2.02,1.55,2.20E+07,1.68E+07,5.17E+01,3.26E+01,,,0.24,0.37,Mixed_seds or Unconsol_seds,,,,,,,,Hejzlar database,Walker 1985,25020
MISSISSINEWA,40.72,-85.956,USA,1972-1976,1967,7,12.57,7.4,0.09,0.091,1.02,,pump,10.95,4.26,1.12E+07,4.35E+06,4.11E+02,2.84E+02,,,0.61,0.31,Carbonate,Bottom,,,,,,,Hejzlar database,Walker 1985,18092
MONROE,39.01,-86.512,Indiana (USA),1972-1976,1965,9,43.50,5.2,0.23,0.457,0.49,,pump,1.10,0.42,5.43E+05,2.06E+05,6.66E+01,5.06E+01,,,0.62,0.24,"Carbonate,Siliclastic_sed,Mixed_seds",Mixed,,,,,,,Hejzlar database,Walker 1985,18093
OLD_HICKORY,36.30,-86.655,USA,1972-1976,1957,17,91.00,5.8,0.53,0.018,29.32,,flow,3.47,3.01,1.02E+08,8.83E+07,7.14E+01,6.66E+01,,,0.13,0.07,Mixed_seds,Bottom,,,,,,,Hejzlar database,Walker 1985,19342
PLEASANT_HILL_2,40.62,-82.325,Ohio (USA),1972-1976,1936,38,3.17,5.8,0.02,0.083,0.22,,flow,1.83,1.78,4.05E+05,3.93E+05,1.46E+02,1.11E+02,,,0.03,0.24,Siliclastic_sed,Surface,,,,,,,Hejzlar database,Walker 1985,17256
POMONA,38.65,-95.563,USA,1972-1976,1963,11,16.43,5.5,0.09,0.372,0.24,,flow,4.61,1.90,1.12E+06,4.62E+05,2.31E+02,1.64E+02,,,0.59,0.29,Siliclastic_sed,Bottom,,,,,,,Hejzlar database,Walker 1985,29111
RED_ROCK,41.37,-92.979,USA,1972-1976,1969,5,62.81,3.5,0.22,0.036,6.11,,flow,19.96,7.06,1.22E+08,4.31E+07,6.82E+02,5.17E+02,,,0.65,0.24,Siliclastic_sed,,,,,,,,Hejzlar database,Walker 1985,14099
REND,38.04,-88.956,USA,1972-1976,1973,2,76.00,3.2,0.24,0.575,0.42,,pump,10.15,2.81,4.29E+06,1.19E+06,1.92E+02,1.01E+02,,,0.72,0.48,Siliclastic_sed,,,,,,,,Hejzlar database,Walker 1985,20088
SAKAKAWEA_(GARRISON),47.50,-101.431,USA,1972-1976,1956,18,1615.38,18.2,29.40,0.891,33.00,,pump,11.52,0.87,3.80E+08,2.87E+07,1.03E+02,3.93E+01,,,0.92,0.62,Unconsol_seds,Bottom,,,,,,,Hejzlar database,Walker 1985,30235
SEMINOLE_(WOODRUFF),30.71,-84.865,USA,1972-1976,1952,22,152.00,3.0,0.46,0.017,26.82,,flow,3.10,2.45,8.31E+07,6.57E+07,1.01E+02,9.64E+01,,,0.21,0.05,Unconsol_seds,Bottom,,,,,,,Hejzlar database,Walker 1985,10071
SHELBYVILLE,39.41,-88.783,USA,1972-1976,1970,4,44.90,6.0,0.27,0.200,1.35,,flow,5.64,3.38,7.60E+06,4.55E+06,5.94E+02,4.40E+02,,,0.40,0.26,Siliclastic_sed,Mixed,,,,,,,Hejzlar database,Walker 1985,20087
SHENANGO_RIVER,41.26,-80.463,USA,1972-1976,1965,9,5.83,3.2,0.02,0.051,0.37,,flow,3.17,2.29,1.16E+06,8.36E+05,1.08E+02,1.06E+02,,,0.28,0.02,Siliclastic_sed,Bottom,,,,,,,Hejzlar database,Walker 1985,16317
SIDNEY_LANIER,34.16,-84.073,USA,1972-1976,1956,18,150.00,15.1,2.27,0.891,2.54,,pump,2.83,0.60,7.19E+06,1.53E+06,7.48E+01,5.67E+01,,,0.79,0.24,Metamorphic,Bottom,,,,,,,Hejzlar database,Walker 1985,10076
SOMERVILLE,30.32,-96.525,USA,1972-1976,1967,7,18.76,4.6,0.09,0.309,0.28,,flow,4.05,2.13,1.13E+06,5.96E+05,1.30E+02,8.79E+01,,,0.47,0.32,Unconsol_seds or Siliclastic_sed,Bottom,,,,,,,Hejzlar database,Walker 1985,26361
STILLHOUSE_HOLLOW_(LAPASAS),31.02,-97.532,USA,1972-1976,1968,6,10.50,12.0,0.29,0.457,0.64,,flow,1.65,0.55,1.05E+06,3.49E+05,9.86E+01,4.61E+01,,,0.67,0.53,Mixed_seds or Carbonate,Bottom,,,,,,,Hejzlar database,Walker 1985,26362
SUMMERSVILLE,38.22,-80.891,USA,1972-1976,1966,8,10.93,20.0,0.22,0.060,3.64,,flow,0.78,0.49,2.83E+06,1.78E+06,6.51E+01,6.08E+01,,,0.37,0.07,Siliclastic_sed,,,,,,,,Hejzlar database,Walker 1985,17391
TABLE_ROCK,36.60,-93.311,USA,1972-1976,1958,16,174.00,19.5,4.27,0.589,7.25,,flow,2.84,0.59,2.06E+07,4.26E+06,1.49E+02,1.01E+02,,,0.79,0.32,Carbonate,Mixed,,,,,,,Hejzlar database,Walker 1985,24200
TENKILLER_FERRY,35.60,-95.049,USA,1972-1976,1952,22,52.20,15.8,0.84,0.339,2.46,,pump,3.24,1.55,7.98E+06,3.81E+06,1.39E+02,1.33E+02,,,0.52,0.05,Carbonate or Unconsol_seds,Mixed,,,,,,,Hejzlar database,Walker 1985,25278
TEXONA_(DENNISON),33.82,-96.572,USA,1972-1976,1944,30,360.20,9.8,3.12,0.407,7.67,,flow,13.06,2.94,1.00E+08,2.26E+07,1.92E+02,8.39E+01,,,0.77,0.56,Siliclastic_sed or Unconsol_seds,,,,,,,,Hejzlar database,Walker 1985,25348
TUTTLE_CREEK_1,39.25,-96.602,Kansas (USA),1972-1976,1962,12,50.60,7.8,0.39,0.355,1.11,,flow,34.02,4.36,3.78E+07,4.84E+06,3.50E+02,1.64E+02,,,0.87,0.53,"Unconsol_seds,Mixed_seds",Bottom,,,,,,,Hejzlar database,Walker 1985,29113
WALTER_F_GEORGE_(EUFAULA),31.60,-85.05,USA,1972-1976,1964,10,182.80,5.9,1.08,0.083,12.99,,flow,3.12,2.94,4.05E+07,3.83E+07,7.31E+01,8.20E+01,,,0.05,-0.12,Unconsol_seds,Bottom,,,,,,,Hejzlar database,Walker 1985,10072
,,,,,,,,,,,,,,,,,,,,,,,,,,,,,,,,,,
,,,,,,,,,,,,,,,,,,,,,,,,,,,,,,,,,,
,,,,,,,,,,,,,,,,,,,,,,,,,,,,,,,,,,
,,,,,,,,,,,,,,,,,,,,,,,,,,,,,,,,,,
,,,,,,,,,,,,,,,,,,,,,,,,,,,,,,,,,,
,,,,,,,,,,,,,,,,,,,,,,,,,,,,,,,,,,
,,,,,,,,,,,,,,,,,,,,,,,,,,,,,,,,,,
,,,,,,,,,,,,,,,,,,,,,,,,,,,,,,,,,,
,,,,,,,,,,,,,,,,,,,,,,,,,,,,,,,,,,
,,,,,,,,,,,,,,,,,,,,,,,,,,,,,,,,,,
,,,,,,,,,,,,,,,,,,,,,,,,,,,,,,,,,,
,,,,,,,,,,,,,,,,,,,,,,,,,,,,,,,,,,
,,,,,,,,,,,,,,,,,,,,,,,,,,,,,,,,,,
,,,,,,,,,,,,,,,,,,,,,,,,,,,,,,,,,,
,,,,,,,,,,,,,,,,,,,,,,,,,,,,,,,,,,
,,,,,,,,,,,,,,,,,,,,,,,,,,,,,,,,,,
,,,,,,,,,,,,,,,,,,,,,,,,,,,,,,,,,,
,,,,,,,,,,,,,,,,,,,,,,,,,,,,,,,,,,
,,,,,,,,,,,,,,,,,,,,,,,,,,,,,,,,,,
,,,,,,,,,,,,,,,,,,,,,,,,,,,,,,,,,,
,,,,,,,,,,,,,,,,,,,,,,,,,,,,,,,,,,
,,,,,,,,,,,,,,,,,,,,,,,,,,,,,,,,,,
,,,,,,,,,,,,,,,,,,,,,,,,,,,,,,,,,,
,,,,,,,,,,,,,,,,,,,,,,,,,,,,,,,,,,
,,,,,,,,,,,,,,,,,,,,,,,,,,,,,,,,,,
,,,,,,,,,,,,,,,,,,,,,,,,,,,,,,,,,,
