state,name,county,storet_code,source
CONNECTICUT,ASPINOOK,NEW LONDON,901,474
CONNECTICUT,BANTAM,LITCHFIELD,902,474
CONNECTICUT,COMMUNITY LAKE,NEW HAVEN,903,474
CONNECTICUT,EAGLEVILLE,TOLLAND,904,474
CONNECTICUT,HANOVER POND,NEW HAVEN,905,474
CONNECTICUT,LAKE HOUSATONIC,NEWHAVEN FAIR FIELD,912,474
CONNECTICUT,LAKE LILLINONAH,FAIRFIELD,911,474
CONNECTICUT,LAKE ZOAR,LITCHFIELD NEH HAVEN,910,474
MAINE,BAY OF NAPLES,CUMBERLAND,2314,474
MAINE,ESTES LAKE,YORK,2304,474
MAINE,LONG LAKE,CUMBERLAND,2306,474
MAINE,LONG LAKE,AROOSTOOK,2313,474
MAINE,MATTAWAMKEAG LAKE,AROOSTOOK,2308,474
MAINE,MOOSEHEAD,PISCATAQUIS,2309,474
MAINE,RANGELEY LAKE,FRANKLIN,2310,474
MAINE,SEBAGO LAKE,CUMBERLAND,2311,474
MAINE,SEBASTICOOK LAKE,PENOBSCOT,2312,474
MASSACHUSETTS,BILLERICA IMPOUNDMENT,MIDDLESEX,2511,474
MASSACHUSETTS,HAGER POND,MIDDLESEX,2502,474
MASSACHUSETTS,HARRIS POND,NA,2503,474
MASSACHUSETTS,HUDSON IMPOUNDMENT,MIDDLESEA NORCHESTER,2513,474
MASSACHUSETTS,MATFIELD IMPOUNDMENT,PLYMOUTH,2508,474
MASSACHUSETTS,MAYNARD IMPOUNDMENT,MIDDLESEX,2504,474
MASSACHUSETTS,NORTHBORO IMPOUNDMENT,MORCMESTER,2512,474
MASSACHUSETTS,ROCHDALE POND,HORCHESTER,2509,474
MASSACHUSETTS,WOODS POND,BERKSHIRE,2507,474
MICHIGAN,BARTON LAKE,KALAMAZOO,2606,474
MICHIGAN,BELLEVILLE LAKE,MAYNE,2609,474
MICHIGAN,BETSIE LAKE,BENZIE,2610,474
MICHIGAN,BOARDMAN HYDRO POND,GRAND TRAVERSE,26A2,474
MICHIGAN,BRIGHTON LAKE,NA,2613,474
MICHIGAN,CARO RESERVOIR,TUSCOLA,26A1,474
MICHIGAN,CONSTANTINE RESERVOIR,ST JOSEPH,2621,474
MICHIGAN,CRYSTAL LAKE,NA,2694,474
MICHIGAN,DEER LAKE,MARQUETTE,2624,474
MICHIGAN,FORD LAKE,WASHTENAW,2629,474
MICHIGAN,FREMONT LAKE,NERAYGO,2631,474
MICHIGAN,HIGGINS LAKE,ROSCOMMON,2695,474
MICHIGAN,HOLLOWAY RESERVIOR,,26A0,474
MICHIGAN,HOUGHTON LAKE,ROSCOMMON,2696,474
MICHIGAN,JORDAN LAKE,IONIA HARRY,2640,474
MICHIGAN,KENT LAKE,OAKLAND LIVINGSTON,2643,474
MICHIGAN,LAKE ALLEGAN,ALLEGAN,2603,474
MICHIGAN,LAKE CHARLEVOIX,NA,2617,474
MICHIGAN,LAKE CHEMUNG,LIVINGSTON,2618,474
MICHIGAN,LONG LAKE,ST JOSEPH,2692,474
MICHIGAN,MACATAWA LAKE,NA,2648,474
MICHIGAN,MANISTEE LAKE,MANISTEE,2649,474
MICHIGAN,MONA LAKE,MUSKEGON,2691,474
MICHIGAN,MUSKEGON LAKE,MUSKEGON,2659,474
MICHIGAN,PENTWATER LAKE,OCEANA,2665,474
MICHIGAN,PERE MARQUETTE,MASON,2698,474
MICHIGAN,PORTAGE LAKE,HOUGHTON,2669,474
MICHIGAN,ROGERS POND,MECOSTA,2672,474
MICHIGAN,ROSS RESERVOIR,GLAOVIN,2673,474
MICHIGAN,SANFORD LAKE,MIDLAND,2674,474
MICHIGAN,ST LOUIS RESERVOIR,GRATIOT,2693,474
MICHIGAN,STRAWBERRY LAKE,LIVINGSTONE,2699,474
MICHIGAN,THOMPSON LAKE,LIVINGSTON,2697,474
MICHIGAN,THORNAPPLE LAKE,BARRY,2683,474
MICHIGAN,UNION LAKE,BRANCH,2685,474
MICHIGAN,WHITE LAKE,MUSKEGON,2688,474
MINNESOTA,ALBERT LEA LAKE,FREEBORN,2702,474
MINNESOTA,BADGER LAKE,POLK,2704,474
MINNESOTA,BARTLETT LAKE,KOOCHICHING,2705,474
MINNESOTA,BEAR LAKE,FREEBORN,2706,474
MINNESOTA,BIG LAKE,STEARNS,2708,474
MINNESOTA,BIG STONE,BIG STONE (MN); ROBERTS GRANT (SD),2709,474
MINNESOTA,BIRCH LAKE,CASS,2710,474
MINNESOTA,BLACKDUCK LAKE,BELTRAMI,2711,474
MINNESOTA,BLACKHOOF LAKE,CROW WING,2712,474
MINNESOTA,BUDD LAKE,MARTIN,27A8,474
MINNESOTA,BUFFALO LAKE,WRIGHT,2713,474
MINNESOTA,CARRIGAN LAKE,WRIGHT,2714,474
MINNESOTA,CASS LAKE,BELTRAMI CASS,2715,474
MINNESOTA,CLEARWATER LAKE,WRIGHT STEARNS,2716,474
MINNESOTA,COKATO LAKE,WRIGHT,2719,474
MINNESOTA,CRANBERRY LAKE,CROW WING,2720,474
MINNESOTA,ELBOW LAKE,ST LOUIS,2725,474
MINNESOTA,EMBARRASS LAKE,ST LOUIS,2728,474
MINNESOTA,FALL LAKE,LAKE,2730,474
MINNESOTA,FOREST LAKE,WASHINGTON,27A9,474
MINNESOTA,GREEN LAKE,KANDIYOHI,27B2,474
MINNESOTA,GULL LAKE,CASS CROW WING,2737,474
MINNESOTA,HERON LAKE,JACKSON,2739,474
MINNESOTA,LAKE ANDROSIA,BELTRAMI,27C0,474
MINNESOTA,LAKE BEMIDJI,BELTRAMI,27C!,474
MINNESOTA,LAKE CALHOUN,HENNEPIN,27B6,474
MINNESOTA,LAKE CARLOS,DOUGLAS,27B9,474
MINNESOTA,LAKE DARLING,DOUGLAS,27B4,474
MINNESOTA,LAKE LE HOMME DIEU,DOUGLAS,27B5,474
MINNESOTA,LAKE MINNETONKA,HENNEPIN,2760,474
MINNESOTA,LAKE MINNEWASKA,POPE,2761,474
MINNESOTA,LAKE PEPIN,GOODHUE WABASHA (MN) PIERCE PEPIN (WI),27A4,474
MINNESOTA,LAKE ST CROIX,WASHINGTON,27A7,474
MINNESOTA,LAKE WINONA,DOUGLAS,27A1,474
MINNESOTA,LEECH LAKE,CASS,2746,474
MINNESOTA,LILY LAKE,BLUE EARTH,2747,474
MINNESOTA,LITTLE LAKE,GRANT,2748,474
MINNESOTA,LOST LAKE,ST LOUIS,27B8,474
MINNESOTA,MADISON LAKE,BLUE EARTH,2750,474
MINNESOTA,MALMEUAL LAKE,POPE,2752,474
MINNESOTA,MASHKENODE LAKE,ST LOUIS,2756,474
MINNESOTA,MCQUADE LAKE,ST LOUIS,2757,474
MINNESOTA,MUD LAKE,ITASCA,27C2,474
MINNESOTA,NEST LAKE,KANDIYOHI,27B3,474
MINNESOTA,PELICAN LAKE,ST LOUIS,2765,474
MINNESOTA,RABBIT LAKE,CROW WING,2771,474
MINNESOTA,SILVER LAKE,MCLEOD,2782,474
MINNESOTA,SIX MILE LAKE,ST LOUIS,2783,474
MINNESOTA,SPRING LAKE,DAKOTA WASHINGTON,27A6,474
MINNESOTA,ST LOUIS BAY,"ST LOUIS (MN); DOUGLAS, (WI)",2776,474
MINNESOTA,SUPERIOR BAY,ST LOUIS (MN; DOUGLAS (H1,2786,474
MINNESOTA,SWAN LAKE,ITASCA,2788,474
MINNESOTA,TRACE LAKE,TODD,2792,474
MINNESOTA,TROUT LAKE,ITASCA,2793,474
MINNESOTA,WAGONGA LAKE,KANDIYOHI,27B1,474
MINNESOTA,WALLMARK,CHICAGO,27B7,474
MINNESOTA,WHITE BEAR LAKE,RAMSEY WASHINGTON,27B0,474
MINNESOTA,WOLF LAKE,BELTRAMI HUBBARD,27A2,474
MINNESOTA,WOODCOCK LAKE,KANDIYOHI,27A3,474
MINNESOTA,ZUMBRO LAKE,OLMSTED WABSHA,27A5,474
NEW HAMPSHIRE,GLEN LAKE,HILLSBOROUGH,3306,474
NEW HAMPSHIRE,KELLYS FALLS POND,HILLSBOROUGH,3305,474
NEW HAMPSHIRE,LAKE WINNIPESAUKEE,"BELKNAP, CARROL",3303,474
NEW HAMPSHIRE,POWDER MILL POND,HILLSBOROUGH,3302,474
NEW YORK,BLACK LAKE,ST LAWRENCE,3602,474
NEW YORK,CANADIAGUA,"ONTARIO, YATES",3604,474
NEW YORK,CANNONSVILLE RESERVOIR,DELAWARE,3605,474
NEW YORK,CARRY FALLS RESERVOIR,ST LAWRENCE,3606,474
NEW YORK,CASSADAGA LAKE,CHAUTAUOUA,3607,474
NEW YORK,CAYUGA LAKE,CAYUGAQSENECA9 TOMPKINS,3608,474
NEW YORK,CHAUTAUQUA,CHAUTAUOUA,3610,474
NEW YORK,CONESUS LAKE,LIVINGSTON,3639,474
NEW YORK,CROSS LAKE,CAYUGAONONDAGA,3611,474
NEW YORK,GOODYEAR LAKE,OTSEGO,3613,474
NEW YORK,KEUKA LAKE,YATES STEUBEN,3617,474
NEW YORK,LAKE HUNTINGTON,SULLIVAN,3615,474
NEW YORK,LONG LAKE,HAMILTON,3619,474
NEW YORK,LOWER ST REGIS,FRANKLIN,3640,474
NEW YORK,OTTER LAKE,CAYUGA,3625,474
NEW YORK,OWASCO,CAYUGA,3627,474
NEW YORK,ROUND LAKE,SARATOGA,3630,474
NEW YORK,SACANDAGA RESERVOIR,FULTON SARATOGA,3632,474
NEW YORK,SARATOGA LAKE,SARATOGA,3633,474
NEW YORK,SCHROON,"ESSEX, WARREN",3634,474
NEW YORK,SENECA LAKE,SCHUYLER,3635,474
NEW YORK,SWAN LAKE,SULLIVAN,3636,474
NEW YORK,SWINGING BRIDGE RES,SULLIVAN,3637,474
RHODE ISLAND,SLATERSVILLE RESERVOIR,PROVIDENCE,4402,474
RHODE ISLAND,TURNER RESERVOIR,PROVIDENCE,4403,474
VERMONT,ARROWHEAD MOUNTAIN LAKE,CHITTENDEN FRANKLIN,5010,474
VERMONT,CLYDE POND,ORLEANS,5002,474
VERMONT,HARRIMAN RESERVOIR,WINDHAM,5005,474
VERMONT,LAKE CHAMPLAIN,VT AND NY AREA,5001,474
VERMONT,LAKE LAMOILLE,LAMOILLE,5007,474
VERMONT,LAKE MEMPHREMAGOG,ORLEANS,5008,474
VERMONT,WATERBURY RESERVOIR,"WASHINGTON, LAMOILLE",5011,474
WISCONSIN,ALTOONA LAKE,EAU CLAIRE,5502,474
WISCONSIN,BEAVER DAH,BARRON,5503,474
WISCONSIN,BIG EAU PLEINE RES,MARATHON,5565,474
WISCONSIN,BROWNS LAKE,RACINE,5560,474
WISCONSIN,BUTTERNUT LAKE,PRICE ASHLAND,5509,474
WISCONSIN,CASTLE ROCK FLOWAGE,JUNEAU ADAMS,5510,474
WISCONSIN,COMO,WALWORTH,5562,474
WISCONSIN,CRYSTAL LAKE,NA,5571,474
WISCONSIN,DELAVAN LAKE,WALWORTH,5513,474
WISCONSIN,EAU CLAIRE LAKE,EAU CLAIRE,5515,474
WISCONSIN,GRAND LAKE,GREEN LAKE,5570,474
WISCONSIN,GREEN LAKE,GREEN LAKE,5519,474
WISCONSIN,KEGONSA LAKE,DANE,5520,474
WISCONSIN,KOSHKONONG LAKE,JEFFERSON,5522,474
WISCONSIN,LAC LA BELLE,WAUKESHA,5563,474
WISCONSIN,LAKE BUTTE DES MORTS,WINNEBAGO,5508,474
WISCONSIN,LAKE GENEVA,WALWORTH,5561,474
WISCONSIN,LAKE POYGAN,"WINNEBAGO, WAUSHARA",5538,474
WISCONSIN,LAKE WINNEBAGO,"WINNEBAGO, FOND DU LAC, CALUMET",5554,474
WISCONSIN,LAKE WISSOTA,CHIPPEWA,5556,474
WISCONSIN,MIDDLE LAKE,WALWORTH,5569,474
WISCONSIN,NAGAWICKA LAKE,WAUKESHA,5531,474
WISCONSIN,OCONOMOWOC,WAUKESHA,5532,474
WISCONSIN,OKAUCHEE,WAUKESHA,5558,474
WISCONSIN,PENTWELL FLOWAGE,"JUNEAU, ADAMS, WOOD",5534,474
WISCONSIN,PEWAUKEE LAKE,WAUKESHA,5557,474
WISCONSIN,PINE LAKE,WAUKESHA,5536,474
WISCONSIN,ROCK LAKE,JEFFERSON,5564,474
WISCONSIN,ROME POND,JEFFERSON,5568,474
WISCONSIN,ROUND,WAUPACA,5566,474
WISCONSIN,SHAWANO LAKE,SHAWANO,5539,474
WISCONSIN,SINISSIPPI LAKE,DODGE,5541,474
WISCONSIN,SWAN LAKE,COLUMBIA,5545,474
WISCONSIN,TAINTER LAKE,DUNN,5546,474
WISCONSIN,TICHIGAN LAKE,RACINE,5559,474
WISCONSIN,TOWNLINE LAKE,ONEIDA,5548,474
WISCONSIN,TROUT LAKE,VILAS,5572,474
WISCONSIN,WAPOGASSET LAKE,POLK,5550,474
WISCONSIN,WAUSAU LAKE,MARATHON,5551,474
WISCONSIN,WILLOW RESERVOIR,ONEIDA,5574,474
WISCONSIN,WISCONSON LAKE,COLUMBIA SAUK,5555,474
WISCONSIN,YELLOM LAKE,BURNETT,5576,474
ALABAMA,BANKHEAD LAKE,,101,475
ALABAMA,HOLT LOCK AND DAM,TUSCALOOSA,105,475
ALABAMA,GANTT LAKE,NA,103,475
ALABAMA,GUNTERSVILLE RESERVOIR,,104,475
ALABAMA,LAY LAKE,NA,106,475
ALABAMA,MITCHELL LAKE,e CHILTON COOSA  A,108,475
ALABAMA,MARTIN LAKE,COOSA ELMORE TALLAPOOSA,107,475
ALABAMA,PICKWICK LAKE,"COLBERTLAUDERDALE AL, TISHOMINGO MS, HARDING",109,475
ALABAMA,LAKE PURDY,JEFFERSON SHELBY,115,475
ALABAMA,WEISS RESERVOIR,CHEROKEE ALT FLOYD GA,112,475
ALABAMA,WILSON LAKE,LAUDERDALE COLBERT LAHRENCE  I  I,114,475
DELAWARE,KILLEN POND,KENT,1002,475
DELAWARE,MOORES LAKE,KENT,1005,475
DELAWARE,NOXONTOWN POND,NEH CASTLE,1007,475
DELAWARE,SILVER LAKE,NEU CASTLE,1008,475
DELAWARE,TRUSSUM POND,SUSSEX,1010,475
DELAWARE,WILLIAMS POND,SUSSEX,1009,475
FLORIDA,ALLIGATOR LAKE,COLUMBIA,1201,475
FLORIDA,LAKE APOPMA,ORANGE LAKE,1202,475
FLORIDA,CRESCENT,FLAGLER PUTNAM,1206,475
FLORIDA,DOCTORS LAKE,CLAY,1207,475
FLORIDA,LAKE DORA,LAKE,1208,475
FLORIDA,EAST LAKE TOHOPEKALIGA,OSCEOLA,1261,475
FLORIDA,LAKE EFFIE,POLK,1209,475
FLORIDA,LAKE ELOISE,POLK,1252,475
FLORIDA,LAME GEORGE,"PUTNAM,VOLUSIA",1210,475
FLORIDA,LAKE GIBSON,POLK,1211,475
FLORIDA,GLENADA LAKE,HIGHLANDS,1212,475
FLORIDA,LAKE GRIFFIN,LAKE,1214,475
FLORIDA,LANE HAINES,POLK,1215,475
FLORIDA,HORSESHOE LAKE,SEMINOLE,1219,475
FLORIDA,LAKE HOWELL,SEMINOLE,1220,475
FLORIDA,LAKE ISTOKPOGA,HIGHLANDS,1221,475
FLORIDA,LAKE JESSIE,POLK,1258,475
FLORIDA,LAKE JESSUP,SEMINOLE,1223,475
FLORIDA,LAKE KISSIMMEE,OSCEOLA,1224,475
FLORIDA,LAWNE LAKE,ORANGE,1249,475
FLORIDA,LAKE LULU,POLK,1227,475
FLORIDA,LAKE MARION,POLK,1228,475
FLORIDA,LAKE MINNEHAHA,ORANGE,1229,475
FLORIDA,LAKE MINNEOLA,LAKE,1230,475
FLORIDA,LAKE MONROE,"SEMINOLE, VOLUSIA",1231,475
FLORIDA,LAKE MUNSON,LEON,1247,475
FLORIDA,LAKE OKEECHOBEE,GLADESQHENDRYQHARTINAOKEECHOBEEQPALM BEACHoST LUCIE,1232,475
FLORIDA,LAKE POINSETT,BREVARD ORANGE OSCEOLA,1234,475
FLORIDA,REEDY LAKE,POLK,1236,475
FLORIDA,LAKE SEMINOLE,PINELLAS,1248,475
FLORIDA,SOUTH LAKE,BREVARD,1238,475
FLORIDA,LAKE TALQUIN,GADSOEN LEON,1239,475
FLORIDA,LAKE TARPON,PINELLAS,1250,475
FLORIDA,LAKE TOHOPEKALIGA,OSCEOLA,1241,475
FLORIDA,TROUT LAKE,LAKE,1242,475
FLORIDA,LAKE WEOHYAKAPKA,POLK,1243,475
FLORIDA,LAKE YALE,LAKE,1246,475
GEORGIA,ALLATOONA RES,BARTON CHEROKEE c088,1301,475
GEORGIA,LAKE BLACKSHEAR,CRISP DOOLY LEE SUMTER HORTH,1302,475
GEORGIA,BLUE RIDGE LAKE,FANNIN,1316,475
GEORGIA,BURTON LAKE,RABUN,1318,475
GEORGIA,CHATUGE LAKE,TORNS GA; CLAY NC,1303,475
GEORGIA,CLARK HILL RESERVOIR,NA,1304,475
GEORGIA,LAKE HARDING,HARRIS GA CHAMBERSo LEE AL,1317,475
GEORGIA,HIGH FALLS POND,RUTTS LAMAR MONROE,1319,475
GEORGIA,JACKSON LAKE,BUTTS JASPER NERTON,1309,475
GEORGIA,NOTTELY RES,UNION,1311,475
GEORGIA,SIDNEY LANIER LAKE,DAHSON FORSYTH GRINNETT HALL LUMPKIN,1310,475
GEORGIA,SINCLAIR LAKE,8ALDMINMANCOCK PUTNAM,1313,475
ILLINOIS,BALDWIN LAKE,RANDOLPH,1763,475
ILLINOIS,BLOOMINGTON LAKE,MCLEAN,1703,475
ILLINOIS,CARLYLERESERVOIR,BOND CLINTON FAYETTE,1706,475
ILLINOIS,CEDAR LAKE,LAKE,1759,475
ILLINOIS,LAKE CHARLESTON,COLES,1708,475
ILLINOIS,COFFEEN LAKE,MONTGOMERY,1711,475
ILLINOIS,CRAB ORCHARD LAKE,JACKSON MILLIAMSON,1712,475
ILLINOIS,LAKE DECATUR,MACON,1714,475
ILLINOIS,DEPUE LAKE,BUREAU,1752,475
ILLINOIS,EAST LOON LAKE,LAKE,1757,475
ILLINOIS,FOX LAKE (CHAIN),LAKE,1755,475
ILLINOIS,GRASS LAKE,LAKE,1756,475
ILLINOIS,LAKE MARIE,LAKE,1727,475
ILLINOIS,PISTAKEE LAKE,LAKE,1733,475
ILLINOIS,HIGHLAND SILVER LAKE,MADISON,1740,475
ILLINOIS,HOLIDAY LAKE,LASALLE,1754,475
ILLINOIS,HORSESHOE LAKE,MADISON,1766,475
ILLINOIS,LONG LAKE,LAKE,1725,475
ILLINOIS,LAKE LOU YAEGER,MONTGOMERY,1726,475
ILLINOIS,OLD BEN MINE RESERVOIR,FRANKLIN,1765,475
ILLINOIS,RACCOON LAKE,MARION,1762,475
ILLINOIS,REND LAKE,FRANKLIN JEFFERSON,1735,475
ILLINOIS,SANGCHRIS LAKE,CHRISTIAN,1753,475
ILLINOIS,SHELBYVILLE RESERVOIR,SHELBY MOULTRIE,1739,475
ILLINOIS,SLOCUM LAKE,LAKE,1758,475
ILLINOIS,LAKE SPRINGFIELD,SANGAHON,1742,475
ILLINOIS,LAKE STOREY,KNOX,1751,475
ILLINOIS,LAKE VANDALIA,FAYETTE,1764,475
ILLINOIS,LAKE VERMILION,VERMILION,1748,475
ILLINOIS,LAKE WEE-MA-TUK,FULTON,1761,475
ILLINOIS,WONDER LAKE,HCHENRY,1750,475
INDIANA,BASS LAKE,STARKE,1851,475
INDIANA,CATARACT LAKE,"OWEN, PUTNAM",1805,475
INDIANA,CROOKED LAKE,STEUBEN,1852,475
INDIANA,DALLAS LAKE,LAGRANGE,1845,475
INDIANA,GEIST RESERVOIR,"HAMILTON, MARION",1811,475
INDIANA,HAMILTON LAKE,STEUBEN,1857,475
INDIANA,HOVEY LAKE,POSEY,1849,475
INDIANA,JAMES LAKE,KOSCIUSKO,1817,475
INDIANA,JAMES LAKE,STEUBEN,1853,475
INDIANA,LONG LAKE,STEUBEN,1854,475
INDIANA,MARSH LAKE,STEUBEN,1856,475
INDIANA,LAKE MAXINKUCKEE,MARSHALL,1843,475
INDIANA,MISSISSINEWA RESERVOIR,"GRANT, MIAMI, WABASH",1827,475
INDIANA,MONROE RESERVOIR,BRORN MONROE,1828,475
INDIANA,MORSE RESERVOIR,HAMILTON,1829,475
INDIANA,OLIN LAKE,LAGRANGE,1846,475
INDIANA,OLIVER LAKE,LAGRANGE,1847,475
INDIANA,PIGEON LAME,STEUBEN,1855,475
INDIANA,SYLYAN LAKE,NOBLE,1848,475
INDIANA,LAKE TIPPECANOE,KOSCIUSKO,1844,475
INDIANA,VERSAILLES LAKE,RIPLEY,1850,475
INDIANA,WAWASEE LAKE,KOSCIUSKO,1836,475
INDIANA,WEBSTER LAKE,KOSCIUSKO,1837,475
INDIANA,WESTLER LAKE,LAGRANGE,1841,475
INDIANA,WHITEWATER LAKE,UNION,1839,475
INDIANA,WINONA LAKE,KOSCIUSKO,1840,475
INDIANA,WITMER LAKE,LAGRANGE,1842,475
KENTUCKY,BARREN RIVER RESERVOIR,ALLEN BARREN,2105,475
KENTUCKY,CUMBERLAND LAKE,NA,2101,475
KENTUCKY,DALE HOLLOW RESERVOIR,CLINTON CUMBERLAND KY CLAY OVERTON PICKETT TN,2102,475
KENTUCKY,HERRINGTON LAKE,DOYLE GARRARD MERCER,2103,475
KENTUCKY,KENTUCKY LAKE,CALLOMAY TRIGG ET AL KY1 HARDIN DECATUR ET AL TN,2104,475
MARYLAND,DEEP CREEK LAKE,GARRETT,2402,475
MARYLAND,JOHNSON POND,WICOMICO,2409,475
MARYLAND,LIBERTY RESERVOIR,"CARROLL, BALTIMORE",2403,475
MARYLAND,LOCH RAVEN RESERVOIR,BALTIMORE,2408,475
MISSISSIPPI,ARKABUTLA RESERVOIR,DESOTO TATE,2801,475
MISSISSIPPI,ENID LAKE,YALOBUSHA,2802,475
MISSISSIPPI,GRENADA LAKE,CALMOUN GRENADA YALODUSMA,2806,475
MISSISSIPPI,ROSS BARNETT RESERVOIR,JACKSONOHADISONQ RANKIN,2804,475
MISSISSIPPI,SARDIS LAKE,LAFAYETTE PANOLA,2805,475
NEW JERSEY,BUDD LAKE,MORRIS,3402,475
NEW JERSEY,DUHERNAL LAKE,MIDDLESEx,3412,475
NEW JERSEY,FARRINGTON LAKE,MIDDLESEX,3413,475
NEW JERSEY,GREENWOOD LAKE,PASSAIC NU ORANGEo NY,3403,475
NEW JERSEY,LAKE MUSCONETCONG,MORRIS SUSSEx,3417,475
NEW JERSEY,LAKE HOPATCONG,MORRIS SUSSEx,3415,475
NEW JERSEY,ORADELL RESERVOIR,BERGEN,3406,475
NEW JERSEY,PAULINSKILL LAKE,SUSSEx,3419,475
NEW JERSEY,PINECLIFF LAKE,PASSAIC,3409,475
NEW JERSEY,POMPTON LAKES,PASSAIC,3410,475
NEW JERSEY,SPRUCE RUN RESERVOIR,HUNTEROON,3420,475
NEW JERSEY,UNION LAKE,CUMBERLAND,3422,475
NEW JERSEY,WANAQUE RESERVOIR,PASSAIC,3423,475
NORTH CAROLINA,BADIN LAKE,MONTGOMERY STANLY,3701,475
NORTH CAROLINA,BLEWETT FALLS LAKE,ANSON RICHMOND,3702,475
NORTH CAROLINA,FONTANA LAKE,SRAIN GRAHAM,3704,475
NORTH CAROLINA,HICKORY LAKE,ALEXANDER CALDRELL CATAUDA,3705,475
NORTH CAROLINA,HIGH ROCK LAKE,"DAVIDSON, ROWAN",3706,475
NORTH CAROLINA,HIWASSEE LAKE,CHEROKEE,3707,475
NORTH CAROLINA,LAKE JAMES,BURKE MCDORELL,3708,475
NORTH CAROLINA,LAKE JUNALUSKA,HAYHOOD,3709,475
NORTH CAROLINA,LOOKOUT SHOALS LAKE,"CATAWBA, ALEXANDER, IREDELL",3710,475
NORTH CAROLINA,MOUNTAIN ISLAND LAKE,GASTON HECKLENBURG,3711,475
NORTH CAROLINA,LAKE NORMAN,CATARBA IRADELL LINCOLN MECKLENBURG,3713,475
NORTH CAROLINA,RHODHISS LAKE,BURKE CALDRELL,3715,475
NORTH CAROLINA,SANTEETLAH LAKE,GRAHAM,3716,475
NORTH CAROLINA,LAKE TILLERY,MONTGOMERY STANLY,3717,475
NORTH CAROLINA,WACCAMAW LAKE,COLUMBUS,3719,475
NORTH CAROLINA,WATERVILLE LAKE,HAYHOOD,3718,475
OHIO,ATWOOD RESERVOIR,CARROL TUSCAHAWAS,3928,475
OHIO,BEACH CITY RESERVOIR,STARK TUSCARAWAS,3901,475
OHIO,BERLIN RESERVOIR,MAHONING PORTAGE STARK,3929,475
OHIO,BUCKEYE LAKE,FAIRFIELD LICKING PERRY,3902,475
OHIO,CHARLES MILL RESERVOIR,ASHLAND RICHLAND,3905,475
OHIO,DEER CREEK RESERVOIR,FAYETTE PICKAWAY,3906,475
OHIO,DELAWARE RESERVOIR,DELAWARE,3907,475
OHIO,DILLON RESERVOIR,MUSKINGUM,3908,475
OHIO,LAKE GRANT,BROWN,3912,475
OHIO,HOLIDAY LAKE,HURON,3930,475
OHIO,HOOVER RESERVOIR,DELAWARE FRANKLIN,3914,475
OHIO,INDIAN LAKE,LOGAN,3915,475
OHIO,LAKE LORAMIE,SHELBY AUGLAIZE,3917,475
OHIO,MOSQUITO CREEK RESERVOIR ,TRUMBULL,3921,475
OHIO,OSHAUGHNESSY RESERVOIR,DELAWARE,3931,475
OHIO,PLEASANT HILL RESERVOIR,ASHLAND RICHLAND,3924,475
OHIO,ROCKY FORK RESERVOIR,HIGHLAND,3932,475
OHIO,LAKE SHAWNEE,GREENE,3933,475
OHIO,GRAND LAKE OF ST. MARYS,AUGLAIZE MERCER,3927,475
OHIO,TAPPAN RESERVOIR,HARRISON,3934,475
PENNSYLVANIA,ALLEGHENY RESERVOIR,McKEAN,3641,475
PENNSYLVANIA,BEAVER RUN RESERVOIR,WESTMORELAND,4219,475
PENNSYLVANIA,BELTZVILLE LAKE,CARBON,4220,475
PENNSYLVANIA,BLANCHARD RESERVOIR,CENTRE,4201,475
PENNSYLVANIA,LAKE CANADOHTA,CRAWFORD,4221,475
PENNSYLVANIA,CONEWAGO LAKE (PINCHOT),YORK,4226,475
PENNSYLVANIA,CONNEAUT LAKE,CRAWFORD,4204,475
PENNSYLVANIA,GREENLANE RESERVOIR,MONTGOMERY,4207,475
PENNSYLVANIA,HARVEYS LAKE,LUZERNE,4222,475
PENNSYLVANIA,INDIAN LAKE,SOMERSET,4223,475
PENNSYLVANIA,LAKE NAOMI,MONROE,4224,475
PENNSYLVANIA,LAKE ONTELAUNEE,BERKS,4225,475
PENNSYLVANIA,POCONO LAKE,MONROE,4227,475
PENNSYLVANIA,PYMATUNING RESERVOIR,CRAWFORD ASHTABULA 0H,4213,475
PENNSYLVANIA,SHENANGD RIVER RESERVOIR,MERCER,4216,475
PENNSYLVANIA,STILLWATER LAKE,MONROE,4228,475
PENNSYLVANIA,LAKE WALLENPAUPACK,PIKE WAYNE,4229,475
SOUTH CAROLINA,LAKE WILLIAM C. BOWEN,SPARTANBURG,4516,475
SOUTH CAROLINA,FISHING CREEK RES,CHESTER LANCASTER,4503,475
SOUTH CAROLINA,LAKE GREENWOOD,"GREENWOOD, LAURENS, NEWBERRY",4504,475
SOUTH CAROLINA,LAKE HARTWELL,ANDERSON OCONEEO PICKENS SC FRANKLIN HART STEPHENS GA,4505,475
SOUTH CAROLINA,LAKE KEOWEE,OCONEE PICKENS,4513,475
SOUTH CAROLINA,LAKE MARION,BERKELEY CALHOUN CLARENDON ORANGEBURG SUMTER,4506,475
SOUTH CAROLINA,LAKE MOULTRIE,BERKELEY,4512,475
SOUTH CAROLINA,LAKE MURRAY,FAIRFIELD LEXINGTON NEWBERRY SALUDA RICHLAND,4507,475
SOUTH CAROLINA,LAKE ROBINSON,CHESTERFIELD DARLINGTON,4508,475
SOUTH CAROLINA,SALUDA LAKE,GREENVILLE PICKENS,4515,475
SOUTH CAROLINA,LAKE SECESSION,ABBEVILLE ANDERSON,4514,475
SOUTH CAROLINA,WATEREE LAKE,FAIRFIELD KERSHAW LANCASTER,4510,475
SOUTH CAROLINA,LAKE WYLIE,YORK SC GASTON HECKLENBURG NC,4511,475
TENNESSEE,BARKLEY LAKE,STEWART MONTGOMERY TRIGG LYON KY,4701,475
TENNESSEE,BOONE RESERVOIR,WASHINGTON SULLIVAN CARTER,4704,475
TENNESSEE,SOUTH HOLSTON RESERVOIR,SULLIVAN IN WASHINGTON VA,4725,475
TENNESSEE,CHEATHAM RESERVOIR,CHEATHAM DAVIDSON,4706,475
TENNESSEE,OLD HICKORY RESERVOIR,DAVIDSON RUTHERFORD; SMITM SUMNER TROUSDALE WILSON,4720,475
TENNESSEE,J PERCY PRIEST HES,DAVIDSON RUTHERFORD,4723,475
TENNESSEE,CHEROKEE LAKE,JEFFERSON HAMBLEN GRAINGER HARKINS,4707,475
TENNESSEE,CHICKAMAUGA RESERVOIR,HAMILTON RHEA MEIGS MCMINN,4708,475
TENNESSEE,FT LOUDON RESERVOIR,LOUDON KNOX BLOUNT,4712,475
TENNESSEE,NICKAJACK RESERVOIR,MARION HAMILTON,4717,475
TENNESSEE,WATTS BAR RESERVOIR,CUMBERLAND LOUDON MEIGS RHEA ROANE,4722,475
TENNESSEE,DOUGLAS LAKE,SEVIER JEFFERSON COCKE,4711,475
TENNESSEE,GREAT FALLS LAKE,WHITE VAN BUREN,4713,475
TENNESSEE,REELFOOT LAKE,OBION,4727,475
TENNESSEE,TIMS FORD RESERVOIR,FRANKLIN MOORE,4724,475
TENNESSEE,WOODS RESERVOIR,FRANKLIN COFFEE,4728,475
VIRGINIA,LAKE CHESDIN,AMELIA CHESTERFIELD DINWIDDIE,5111,475
VIRGINIA,CHICKAHOMINY LAKE,NEW KENT CHARLES,5112,475
VIRGINIA,CLAYTOR LAKE,PULASKI,5103,475
VIRGINIA,JOHN H KERR RES,HALIFAX MECKLENBURG VA; GRANVILLE VANCE WARREN NC,5106,475
VIRGINIA,JOHN W FLANNAGAN RES,DICKENSON,5105,475
VIRGINIA,OCCOQUAN RESERVOIR,FAIRFAX,5108,475
VIRGINIA,RIVANNA RESERVOIR,ALHERMARLE,5113,475
VIRGINIA,SMITH MOUNTAIN RESERVOIR,BEDFORD FRANKLIN PITTSYLVANIA,5110,475
WEST VIRGINIA,BLUESTONE RESERVOIR,GILES VA MERCER MONROE SUMMERS WV,5401,475
WEST VIRGINIA,LAKE LYNN,MONONGALIA,5402,475
WEST VIRGINIA,SUMMERSVILLE RESERVOIR,NICHOLAS,5403,475
WEST VIRGINIA,TYGART RESERVOIR,BARBOUR TAYLOR,5404,475
ARKANSAS,BEAVER RESERVOIR,BENTON CARROLL o IASHINGTON,501,476
ARKANSAS,BULL SHOALS RESERVOIR,BAXTER BOONE MARION AR! TANEY OZARK MO,504,476
ARKANSAS,TABLE ROCK RESERVOIR,"BOONE CARROLL AR, BARRY TANEY MO",515,476
MISSOURI,LAKE TANEYCOMO,TANEY,2904,476
ARKANSAS,BLACKFISH LAKE,CRITTENDEN ST FRANCIS,502,476
ARKANSAS,BLUE MOUNTAIN LAKE,LOGAN YELL,503,476
ARKANSAS,LAKE CATHERINE,GARLAND HOT SPRING,505,476
ARKANSAS,HAMILTON LAKE,GARLAND,510,476
ARKANSAS,OUACHITA LAKE,GARLAND MONTGOMERY,514,476
ARKANSAS,CHICOT LAKE,CHICOT,506,476
ARKANSAS,DEGRAY RESERVOIR,CLARK HOT SPRING,507,476
ARKANSAS,LAKE ERLING,LAFAYETTE,508,476
ARKANSAS,GREERƒ??S FERRY RESERVOIR,VAN DUREN CLERURNE,516,476
ARKANSAS,GRAND LAKE,CHICOT,509,476
ARKANSAS,MILLWOOD RESERVOIR,HEMPSTEAD HOUARD LITTLE RIVER SEVIER,511,476
ARKANSAS,NIMROD LAKE,PERRY YELL,512,476
ARKANSAS,NORFOLK LAKE,NA,513,476
IOWA,LAKE AHQUABI,MARREN,1901,476
IOWA,BIG CREEK RESERVOIR,POLK,1902,476
IOWA,BLACK HAWK LAKE,SAC,1903,476
IOWA,CLEAR LAKE,CERRO GORDO,1904,476
IOWA,LOST ISLAND LAKE,CLAYoPALO ALTO,1906,476
IOWA,LAKE MACBRIDE,JOHNSON,1907,476
IOWA,PRAIRIE ROSE LAKE,SHELRY,1908,476
IOWA,RATHBUN RESERVOIR,APPANOOSELUCASM0NR0EHAYNE,1909,476
IOWA,RED ROCK RESERVOIR,MARION,1910,476
IOWA,ROCK CREEK LAKE,NA,1911,476
IOWA,SILVER LAKE,HORTH,1912,476
IOWA,SPIRIT LAKE,DICKINSON,1913,476
IOWA,VIKING LAKE,MONTGOMERY,1914,476
IOWA,WEST OKOBOJI LAKE,DICKINSON,1915,476
KANSAS,CEDAR BLUFF RESERVOIR,TREGO,2001,476
KANSAS,COUNCIL GROVE RESERVOIR,MORRIS,2002,476
KANSAS,ELK CITY RESERVOIR,MONTGOMERY,2003,476
KANSAS,FALL RIVER RESERVOIR,GREENHOOD,2004,476
KANSAS,JOHN REDMOND RESERVOIR,COFFEY LYON,2005,476
KANSAS,KANOPOLIS RESERVOIR,ELLSUORIH,2006,476
KANSAS,MARION RESERVOIR,MARION,2007,476
KANSAS,MELVERN RESERVOIR,OSAGE,2008,476
KANSAS,MILFORD RESERVOIR,CLAY GEARY,2009,476
KANSAS,NORTON RESERVOIR,NORTON,2010,476
KANSAS,PERRY RESERVOIR,JEFFERSON,2011,476
KANSAS,POMONA RESERVOIR,NA,2012,476
KANSAS,TORONTO RESERVOIR,GREENHOOD HOODSON,2013,476
KANSAS,TUTTLE CREEK RESERVOIR,MARSHALL POTTARATOMIE RILEY,2014,476
KANSAS,WILSON RESERVOIR,RUSSELL,2015,476
LOUISIANA,ANACOCO LAKE,VERNON,2201,476
LOUISIANA,LAKE HISTINEAU,BIENVILLEI ROSSIER HEBSTER,2203,476
LOUISIANA,BLACK BAYOU RESERVOIR,rADDD,2204,476
LOUISIANA,BLACK LAKE,NATCHITOCHES RED RIVER,2219,476
LOUISIANA,BRUIN LAKE,TENSAS,2202,476
LOUISIANA,BUNDICK LAKE,REAUREGARO,2205,476
LOUISIANA,COCODRIE LAKE,CONCORUIA,2207,476
LOUISIANA,COCODRIE LAKE,RAPIDES,2220,476
LOUISIANA,LAKE CONCORDIA,CONCORDIA,2209,476
LOUISIANA,COTILE RESERVOIR,RAPIDES,2208,476
LOUISIANA,CROSS LAKE,CADDO,2210,476
LOUISIANA,BAYOU Dƒ??ARRONNE LAKE,UNION?¯ LINCOLN,2211,476
LOUISIANA,FALSE RIVER LAKE,POINTE COUPEE,2212,476
LOUISIANA,INDIAN CREEK RESERVOIR,RAPTOES,2213,476
LOUISIANA,SALINE LAKF,LASALLE,2214,476
LOUISIANA,TURKEY CREEK LAKE,FRANKLIN,2215,476
LOUISIANA,LAKE VERRET,ASSUMPTION,2216,476
LOUISIANA,LAKE VERNON,VERNON,2217,476
MISSOURI,CLEARWATER LAKE,REYNOLDS uAYNE,2901,476
MISSOURI,POMME DE TERRE RESERVOIR,POLK HICKORY,2902,476
MISSOURI,STOCKTON RESERVOIR,NA,2903,476
MISSOURI,THOMAS HILL RESERVOIR,MACON RANDOLPH,2905,476
MISSOURI,LAKE WAPPAPELLO,WAYNE 9 BUTLER,2906,476
NEBRASKA,BRANCHED OAK RESERVOIR,LANCASTER,3101,476
NEBRASKA,HARLAN COUNTY RESERVOIR,HARLAN,3102,476
NEBRASKA,HARRY D STRUNK RES,FRONTIER,3103,476
NEBRASKA,HUGH BUTLER RESERVOIR,FRONTIFRcRED HILLOH,3104,476
NEBRASKA,JOHNSON RESERVOIR,DARSONGOSPER,3105,476
NEBRASKA,CW MCCONAUGHY RES,KEITH,3106,476
NEBRASKA,PAWNEE RESERVOIR,LANCASTER,3107,476
NEBRASKA,SHERMAN RESERVOIR,SHERHAN,3108,476
NEBRASKA,SWANSON RESERVOIR,HITCHCOCK,3110,476
NORTH DAKOTA,LAKE ASHTABULA,0ARNE5ORIGGS,3801,476
NORTH DAKOTA,AUDUBON LAKE,MCLEAN,3802,476
NORTH DAKOTA,BRUSH LAKE,MCLEAN,3803,476
NORTH DAKOTA,LAKE DARLING,RENVILLEoHARD,3804,476
NORTH DAKOTA,DEVILS LAKE,BENSONoRAHSEY,3805,476
NORTH DAKOTA,JAMESTOWN RESERVOIR,NA,3806,476
NORTH DAKOTA,LAKE LAMOURE,LAMOURE,3807,476
NORTH DAKOTA,MATEJCEK LAKE,UALSH,3808,476
NORTH DAKOTA,LAKE METIGOSHE,BOITINEAU,3809,476
NORTH DAKOTA,PELICAN LAKE,ROTIINEAU,3811,476
NORTH DAKOTA,LANE SAKAKAWEA,DUNNHCNENzIEHCLEANHERCERMOUNTRAILHILLIAHS,3812,476
NORTH DAKOTA,SPIRITWOOD LAKE,STUTSMAN,3813,476
NORTH DAKOTA,SWEET BRIAR LAKE,MORTON,3814,476
NORTH DAKOTA,WHITMAN LAKE,NELSONHALSH,3815,476
OKLAHOMA,ALTUS RESERVOIR,GREER KIOMA,4001,476
OKLAHOMA,ARBUCKLE LAKE,MURRAY,4002,476
OKLAHOMA,LAKE ELSWORTH,CADDO COMANCHE,4003,476
OKLAHOMA,LAKE EUFAULA,HASKELL MCINTOSH OKMULGEEo PITTSBURG,4004,476
OKLAHOMA,FORT COBB RESERVOIR,NA,4005,476
OKLAHOMA,FORT SUPPLY RESERVOIR,MOODuARO,4006,476
OKLAHOMA,FOSS RESERVOIR,CUSTER,4007,476
OKLAHOMA,LAKE FRANCES,AOAIR,4008,476
OKLAHOMA,GRND LK Oƒ?? THE CHEROKEES,HAYES DELAWARE CRAIG OTTONA,4009,476
OKLAHOMA,LAKE HEFNER,OKLAHOMA,4010,476
OKLAHOMA,KEYSTONE RESERVOIR,TULSA OSAGEO CREEK PAUNEE,4011,476
OKLAHOMA,OOLOGAH RESERVOIR,NONATA ROGERS,4012,476
OKLAHOMA,TENKILLER FERRY RES,CHEROKEE SEOUOYAR,4013,476
OKLAHOMA,LAKE THUNDERBIRD,CLEVELAND,4014,476
OKLAHOMA,WISTER RESERVOIR,LEFLORE,4015,476
SOUTH DAKOTA,LAKE ALBERT,KINGSBURY,4601,476
SOUTH DAKOTA,LAKE ALVIN,LINCOLN,4602,476
SOUTH DAKOTA,ANGOSTURA RESERVOIR,FALL RIVER,4603,476
SOUTH DAKOTA,BRANT LAKE,LAKE,4604,476
SOUTH DAKOTA,LAKE BYRON,NA,4605,476
SOUTH DAKOTA,CLEAR LAKE,MARSHALL,4606,476
SOUTH DAKOTA,CLEAR LAKE,MINNEHAHA,4607,476
SOUTH DAKOTA,LAKE COCHRANE,DEUEL,4608,476
SOUTH DAKOTA,COTTONWOOD LAKE,NA,4609,476
SOUTH DAKOTA,DEERFIELD LAKE,PENNINGTON,4610,476
SOUTH DAKOTA,ENEMY SWIM LAKE,DAY,4611,476
SOUTH DAKOTA,LAKE HERMAN,LAKE,4612,476
SOUTH DAKOTA,LAKE ST. JOHN,HAMLIN,4613,476
SOUTH DAKOTA,LAME KAMPESKA,CODINGTDN,4614,476
SOUTH DAKOTA,LAKE MADISON,LAKE,4615,476
SOUTH DAKOTA,LAKE MITCHELL,DAVISON,4616,476
SOUTH DAKOTA,LAKE NORDEN,HAMLIN,4617,476
SOUTH DAKOTA,EAST OAKWOOD LAKE,RROOKINGS,4618,476
SOUTH DAKOTA,WEST OAKWOOD LAKE,RROONINGS,4619,476
SOUTH DAKOTA,PACTOLA RESERVOIR,PENNINGTON,4620,476
SOUTH DAKOTA,PICKEREL LAKE,DAY,4621,476
SOUTH DAKOTA,LAKE POINSETT,HROOKINGboHAMLIN,4622,476
SOUTH DAKOTA,SOUTH RED IRON LAKE,MARSHALL,4623,476
SOUTH DAKOTA,RICHMOND LAKE,RROMN,4624,476
SOUTH DAKOTA,ROY LAKE,MARSHALL,4625,476
SOUTH DAKOTA,SAND LAKE,NA,4626,476
SOUTH DAKOTA,SHERIDAN LAKE,PENNINGTON,4627,476
SOUTH DAKOTA,STOCKADE LAKE,CUSTER,4628,476
SOUTH DAKOTA,EAST VERMILLION LAKE,MCCOOK,4629,476
SOUTH DAKOTA,WALL LAKE,HINNEHAHA,4630,476
SOUTH DAKOTA,NORTH WAUBAY LAKE,DAY,4631,476
TEXAS,AMISTAD RESERVOIR,NA,4801,476
TEXAS,LAKE BASTROP,BASTROP,4802,476
TEXAS,BELTON RESERVOIR,HELL CURYELL,4803,476
TEXAS,BRAUNIG LAKE,BEXAR,4804,476
TEXAS,LAKE BROWNWOOD,RROHN,4805,476
TEXAS,LAKE BUCHANAN,HURNET LLANO,4806,476
TEXAS,CADDO LAKE,"CADDO LA, MARION HARRISON Tx",4807,476
TEXAS,CALAVERAS LAKE,BEXAR,4808,476
TEXAS,CANYON RESERVOIR,COHAL,4809,476
TEXAS,LAKE COLORADO CITY,MITCHELL,4810,476
TEXAS,LAKE CORPUS CHRISTI,"JIH WELLS, LIVE OAK SAN PATRICIO",4811,476
TEXAS,LAKE DIVERSION,ARCHER BAYLOR,4812,476
TEXAS,EAGLE MOUNTAIN LAKE,TARRANI RISE,4813,476
TEXAS,LAKE FORT PHANTOM HILL,JONES,4814,476
TEXAS,LAKE LYNDON B JOHNSON,BURNET LLANO,4821,476
TEXAS,LAKE KEMP,NA,4816,476
TEXAS,LAKE HOUSTON,HARRIS,4817,476
TEXAS,LAKE 0ƒ?? THE PINES,CAMP MARION MORRIS UPSMUR,4818,476
TEXAS,LAKE LAVON,COLLIN,4819,476
TEXAS,LAKE LEWISVILLE,DENTON,4815,476
TEXAS,LIVINGSTON RESERVOIR,POLK SAN JACINTO TRINITY IALKFR,4820,476
TEXAS,MEDINA LANE,SANDERA MEDINA,4822,476
TEXAS,LAKE MEREDITH,HUTCHINSON MOORE POTTER,4823,476
TEXAS,PALESTINE RESERVOIR,ANDERSON CHEROKEE HENDERSON SMITH,4824,476
TEXAS,POSSUM KINGDOM RESERVOIR,PALO PINTO STEPHENS YOUNG,4825,476
TEXAS,O C FISHER,TOM GREEN,4826,476
TEXAS,SAM RAYBURN RESERVOIR,ANGELINA JASPER NACOGDOCHES SABINE,4827,476
TEXAS,E V SPENCE RESERVOIR,COAE,4828,476
TEXAS,SOMERVILLE LAKE,BURLESONO LEE HASHINGTON,4829,476
TEXAS,LAKE STANFORD,HASKELL,4830,476
TEXAS,STILLHOUSE HOLLOW RESERV,HELL OIR,4831,476
TEXAS,LAKE TAWAKONI,HUNT RAINS VAN zANDT,4832,476
TEXAS,LAKE TEXOMA,COOKE GRAYSON TXTBRYAN JOHNSON LOVE MARSHALL 0K,4834,476
TEXAS,LAKE TRAVIS,RURNET TRAVlb,4835,476
TEXAS,TRINIDAD LAKE,HENDERSON,4836,476
TEXAS,TWIN BUTTES RESERVOIR,TOM GREEN,4837,476
TEXAS,WHITE RIVER RESERVOIR,CROSEY,4838,476
TEXAS,WHITNEY RESERVOIR,ROSDUE HILL,4839,476
TEXAS,WRIGHT PATMAN,BOhIEO CASS,4833,476
ARIZONA,BIG LAKE,APACHE,401,477
ARIZONA,FOOLS HOLLOW LAKE,NAVAJO,402,477
ARIZONA,LAKE HAVASU,MOHAVE Azz SAN 8ERNADINO CA,403,477
ARIZONA,LUNA LAKE,APACHE,404,477
ARIZONA,LYMAN LAKE,APACHE,405,477
ARIZONA,LAKE MOHAVE,MOHAVE Az; CLARK Nv,406,477
ARIZONA,LAKE PLEASANT,MARICOPA YAvAPAI,407,477
ARIZONA,LAKE POWELL,COCONINO A2; GARFIELD KANE SAN JUAN UT,408,477
ARIZONA,RAINBOW LAKE,NAVAJO,409,477
ARIZONA,THEODORE ROOSEVELT LAKE,GILA,410,477
ARIZONA,SAN CARLOS RESERVOIR,GILA GRAHAM PINAL,411,477
CALIFORNIA,LAKE AMADOR,AMADOR,601,477
CALIFORNIA,BOCA RESERVOIR,BOCA RESERVOIR IOLIGDTROPHIC,602,477
CALIFORNIA,LAKE BRITTON,SHASTA,603,477
CALIFORNIA,LAKE CASITAS,VENTURA,604,477
CALIFORNIA,LAKE CRONLEY,MONO,605,477
CALIFORNIA,DON PEDRO RESERVOIR,TUOLUMNE,606,477
CALIFORNIA,LAKE ELSINORE,RIVERSIDE,607,477
CALIFORNIA,FALLEN LEAF LAKE,EL DORADO,608,477
CALIFORNIA,LAKE HENNESSEY,NAPA,609,477
CALIFORNIA,LAKE HENSHAW,SAN DIEGO,610,477
CALIFORNIA,IRON GATE RESERVOIR,SISKIYOU,611,477
CALIFORNIA,LOPEZ RESERVOIR,SAN LUIS OBISPO,614,477
CALIFORNIA,LAKE MARY,MONO,615,477
CALIFORNIA,LAKE MENDOCINO,MENDOCINO,616,477
CALIFORNIA,NICASIO RESERVOIR,MARIN,617,477
CALIFORNIA,LOHER OTAY RESERVOIR,SAN DIEGO,618,477
CALIFORNIA,LAKE PILLSBURY,LAKE,619,477
CALIFORNIA,SANTA MARGARITA LAKE,SAN LUIS OBISPO,620,477
CALIFORNIA,SHASTA LAKE,SHASTA,621,477
CALIFORNIA,SHAVER LAKE,FRESNO,622,477
CALIFORNIA,SILVER LAKE,MONO,623,477
CALIFORNIA,TULLOCK RESERVOIR,CALAVERAS TUOLUMNE,624,477
CALIFORNIA,LOWER TWIN LAKE,MONO,626,477
CALIFORNIA,UPPER TWIN LAKE,MONO,625,477
COLORADO,BARKER RESERVOIR,BOULDER,801,477
COLORADO,BARR LAKE,ADAMS,802,477
COLORADO,BLUE MESA RESERVOIR,GUNNISON,803,477
COLORADO,CHERRY CREEK LAKE,ARAPAHOE,804,477
COLORADO,DILLON RESERVOIR,SUMMIT,806,477
COLORADO,GRAND LAKE,GRAND 99* INCLUDES TRIRS AND LOADS FOR SRADOM MIN LAKE (0813,807,477
COLORADO,SHADOW MOUNTAIN LAKE,GRAND 0 SEE GRAND LAKE (00071 FOR LOADING VALUES,813,477
COLORADO,GREEN MOUNTAIN RESERVOIR,SUMMIT,808,477
COLORADO,HOLBROOK RESERVOIR,OTERO,809,477
COLORADO,LAKE MEREDITH,CROWLEY,810,477
COLORADO,MILTON RESERVOIR,MELD,811,477
COLORADO,NAVAJO RESERVOIR,"ARCMULETA C0, SAN JUAN RIO ARRIBA NM",812,477
IDAHO,AMERICAN FALLS RESERVOIR,BANNOCK BINGHAM PORER,1601,477
IDAHO,CASCADE RESERVOIR,VALLEY,1602,477
IDAHO,COEUR DALENE LAKE,SENEMAM KOOTENAI,1603,477
IDAHO,DWORSHAK RESERVOIR,CLEARRATER,1604,477
IDAHO,HAUSER LAKE,KOOTENAI,1605,477
IDAHO,HAYDEN LAKE,KOOTENAI,1606,477
IDAHO,ISLAND PARK RESERVOIR,FREMONT,1607,477
IDAHO,LAKE LOWELL,CANYON,1608,477
IDAHO,MAGIC RESERVOIR,CAMAS BLAINE,1609,477
IDAHO,PALISADES RESERVOIR,"RONNEVILLE ID, LINCOLN MY",1610,477
IDAHO,PAYETTE LAKE,VALLEY,1611,477
IDAHO,LOWER TWIN LAKES,KOOTENAI,1612,477
IDAHO,UPPER TWIN LAKES,KOOTENAI,1613,477
MONTANA,CANYON FERRY RESERVOIR,BROADHATERo LEWIS s CLARK,3001,477
MONTANA,CLARK CANYON RESERVOIR,BEAVERHEAD,3002,477
MONTANA,FLATHEAD LAKE,ELATHEAD LAKE,3003,477
MONTANA,GEORGETOWN LAKE,DEER LODGE GRANITE,3004,477
MONTANA,HEBGEN LAKE,GALLATIN,3005,477
MONTANA,KOOCANUSA RESERVOIR,"LINCOLN MT, BRITISH COLUMBIA CAN",3006,477
MONTANA,MARY RONAN LAKE,LAKE,3007,477
MONTANA,LAKE MCDONALD,FLATHEAD,3008,477
MONTANA,NELSON RESERVOIR,PHILLIPS,3009,477
MONTANA,SEELEY LAKE ,MISSOULA,3010,477
MONTANA,SWAN LAKE,LAKE,3011,477
MONTANA,TALLY LAKE,FLATHEAD,3012,477
MONTANA,TIBER RESERVOIR,LI8ERTY TOOLE,3013,477
MONTANA,TONGUE RIVER RESERVOIR,BIG HORN,3014,477
MONTANA,WHITEFISH LAKE,FLATHEAD,3016,477
NEVADA,LAHONTAN RESERVOIR,CHURCHILL_LYON,3202,477
NEVADA,LAKE MEAD,CLARK NY; MOHAVE Az,3201,477
NEVADA,RYE PATCH RESERVOIR,PERSHING,3204,477
NEVADA,LAKE TAHOE,CARSON CITY DOUGLAS RASMOE Nv; EL OORADO PLACER CA,3205,477
NEVADA,TOPAZ LAKE,DOUGLAS Nv; MONO CA,3206,477
NEVADA,UPPER PAHRANAGAT,LINCOLN,3207,477
NEVADA,WALKER LAKE,MINERAL,3211,477
NEVADA,WASHOE LAKE,WASHOE,3208,477
NEVADA,WILD HORSE RESERVOIR,ELKO,3209,477
NEVADA,WILSON RESERVOIR,ELKO,3210,477
NEW MEXICO,ALAMOGORDO RESERVOIR,DE RACA GUADALUPE,3501,477
NEW MEXICO,BLUEWATER LAKE,MCKINLEY VALENCIA,3502,477
NEW MEXICO,CONCHAS RESERVOIR,SAN MIGUEL,3503,477
NEW MEXICO,EAGLE NEST LAKE,COLFAX,3504,477
NEW MEXICO,ELEPHANT BUTTE RESERVOIR,SIERRA SOCORRO,3505,477
NEW MEXICO,EL VADO RESERVOIR,RI0 ARRIBA,3506,477
NEW MEXICO,LAKE MCMILLAN,EDDY,3507,477
NEW MEXICO,UTE RESERVOIR,OUAY,3509,477
OREGON,BROWNLEE RESERVOIR,"RAKER OR, MASMINGTON ID",4101,477
OREGON,DIAMOND LAKE,DOUGLAS,4102,477
OREGON,HELLS CANYON RESERVOIR,"BAKER NALLONA 0R, ADAMS IDAHO ID",4103,477
OREGON,HILLS CREEK RESERVOIR,LANE,4104,477
OREGON,LAKE OWYHEE,HALHEUR,4105,477
OREGON,OXBOW RESERVOIR,BAKER ,4106,477
OREGON,SUTTLE LAKE,JEFFERSON,4107,477
OREGON,WALDO LAKE,LANE,4108,477
UTAH,BEAR LAKE,RICH UTi BEAR LAKE ID,4901,477
UTAH,DEER CREEK RESERVOIR,VASATCR,4903,477
UTAH,ECHO RESERVOIR,SUMMIT,4904,477
UTAH,FISH LAKE,SEVIER,4906,477
UTAH,HUNTINGTON LAKE,EMERY,4907,477
UTAH,JOES VALLEY RESERVOIR ~,EMERY,4908,477
UTAH,LOWER BOWNS RESERVOIR,GARFIELD,4902,477
UTAH,LYNN RESERVOIR,BOX ELDER,4905,477
UTAH,MINERSVILLE RESERVOIR,BEAVER,4909,477
UTAH,MOON LAKE,DUCHESNE,4910,477
UTAH,NAVAJO LAKE,KANE,4911,477
UTAH,NEWCASTLE RESERVOIR,IRON,4912,477
UTAH,OTTER CREEK RESERVOIR,PIUTE,4913,477
UTAH,PANGUITCH LAKE,GARFIELD,4914,477
UTAH,PELICAN LAKE,UINTAH,4915,477
UTAH,PINEVIEW RESERVOIR,HEBER,4916,477
UTAH,PIUTE RESERVOIR,PIUTE,4917,477
UTAH,PORCUPINE RESERVOIR,CACHE,4918,477
UTAH,PRUESS LAKE,MILLARD,4919,477
UTAH,SEVIER RRIDGE RESERVOIR,JUAD SANPETE,4920,477
UTAH,STARVATION RESERVOIR,DUCHESNE,4921,477
UTAH,STEINAKER RESERVOIR,UINTAH,4922,477
UTAH,TROPIC RESERVOIR,GARFIELD,4923,477
UTAH,UTAH LAKE,UTAH,4924,477
UTAH,WILLARD RESERVOIR,Box ELDER,4925,477
WASHINGTON,AMERICAN LAKE,PIERCE,5301,477
WASHINGTON,BANKS LAKE ,GRANT DOUGLAS,5302,477
WASHINGTON,LAKE CHELAN,cHELAN,5303,477
WASHINGTON,DIAMOND LAKE,PEND OREILLE,5304,477
WASHINGTON,GREEN LAKE,KING,5305,477
WASHINGTON,KEECHELUS LAKE,KITTITAS,5306,477
WASHINGTON,MAYFIELD LAKE,LERIS,5307,477
WASHINGTON,MEDICAL LAKE,SPOKANE,5308,477
WASHINGTON,MOSES LAKE,GRANT,5309,477
WASHINGTON,OZETTE LAKE,CLALLAM,5310,477
WASHINGTON,SAMMAMISH LAKE,KING,5311,477
WASHINGTON,LAKE WHATCOM,HHATCOH,5312,477
WASHINGTON,LOWER GRANITE RESERVOIR,GARFIELD wHITMAN,5313,477
WYOMING,BIG SANDY RESERVOIR,SUULETTE SNEETMATER,5601,477
WYOMING,BOULDER LAKE,SUMLETTE,5602,477
WYOMING,BOYSEN RESERVOIR,FREMONT,5603,477
WYOMING,LAKE DE SMET,JOHNSON,5604,477
WYOMING,FLAMING GORGE RESERVOIR,SWEETWATER,5605,477
WYOMING,FREMONT LAKE,SUHLETTE,5606,477
WYOMING,GLENDO RESERVOIR,CONVERSE PLATTE,5607,477
WYOMING,KEYHOLE RESERVOIR,CROOK,5608,477
WYOMING,OCEAN LAKE,FREMONT,5609,477
WYOMING,SEMINOE RESERVOIR,CARBON,5610,477
WYOMING,SODA LAKE,SURLETTE,5611,477
WYOMING,VIVA NAUGHTON RESERVOIR,LINCOLN,5612,477
WYOMING,WOODRUFF NARROWS RES,UINTA,5613,477
WYOMING,YELLOWTAIL RESERVOIT,BIGHORN,5614,477
